participant,x_learning_rate_reward_0,x_value_choice_chosen_0,x_value_choice_not_chosen_0,x_value_reward_not_chosen_0
1d7c0db,"[0.339628208637626, 0.21000095157790288, 0.0, 0.0, 0.0, 0.0, 0.0, 0.0, 0.0, 0.0, 0.0, 0.0, 0.0, 0.0, 0.0]","[0.6757888510695625, 0.2843041320026949, 0.21366852604551423, 0.0, 0.0, -0.704084308394906]","[0.26433181080764256, 0.0, 0.20760687624040985, 0.0, 0.0, 0.0]","[0.9066936122113132, 0.0, 0.0, 0.0, 0.0, 0.0, 0.0, 0.0, 0.0, 0.0]"
205d5a4,"[0.40117472514250035, 0.0, 0.0, 0.0, 0.0, 0.0, 0.0, 0.0, 0.0, 0.0, 0.0, 0.0, 0.0, 0.0, 0.0]","[0.7488651757472892, 0.27848347654333533, 0.0, 0.0, 0.0, -0.25607383935385475]","[0.2551224669020379, 0.0, 0.0, 0.0, 0.0, 0.0]","[0.9109598540481008, 0.0, 0.0, 0.0, 0.0, 0.0, 0.0, 0.0, 0.0, 0.0]"
20b78f0a,"[0.33957301449448707, 0.21029798544011105, 0.0, 0.0, 0.0, 0.0, 0.0, 0.0, 0.0, 0.0, 0.0, 0.0, 0.0, 0.0, 0.0]","[0.9307175852296349, 0.2070796415926756, -0.7551500695236731, 0.0, 0.0, 0.0]","[0.2956394289643232, 0.0, 0.20889421997240207, 0.0, 0.0, 0.0]","[0.9084859198361781, 0.0, 0.0, 0.0, 0.0, 0.0, 0.0, 0.0, 0.0, 0.0]"
21f983df,"[0.339732343953108, 0.2090933686241454, 0.0, 0.0, 0.0, 0.0, 0.0, 0.0, 0.0, 0.0, 0.0, 0.0, 0.0, 0.0, 0.0]","[0.7903583481112219, 0.240047166726586, 0.0, 0.0, 0.0, -0.3656100621605563]","[0.3596329463262053, 0.0, 0.0, 0.0, 0.0, 0.0]","[0.9053435741956506, 0.0, 0.0, 0.0, 0.0, 0.0, 0.0, 0.0, 0.0, 0.0]"
222b96a0,"[0.33947750584792635, 0.20953984183778326, 0.0, 0.0, 0.0, 0.0, 0.0, 0.0, 0.0, 0.0, 0.0, 0.0, 0.0, 0.0, 0.0]","[0.9201102161258202, 0.0, 0.250772142157809, 0.0, 0.0, -0.513090219068408]","[0.3508317720620574, 0.0, 0.24254155121187404, 0.0, 0.0, 0.0]","[0.9058074972138326, 0.0, 0.0, 0.0, 0.0, 0.0, 0.0, 0.0, 0.0, 0.0]"
23659a75,"[0.40082627765258344, 0.0, 0.0, 0.0, 0.0, 0.0, 0.0, 0.0, 0.0, 0.0, 0.0, 0.0, 0.0, 0.0, 0.0]","[0.5860322802076112, 0.30182483345305944, 0.5081606860066752, 0.0, 0.0, -0.6021841728976012]","[0.2379698448220088, 0.0, 0.0, 0.0, 0.0, 0.0]","[0.911613178462838, 0.0, 0.0, 0.0, 0.0, 0.0, 0.0, 0.0, 0.0, 0.0]"
24c1b08b,"[0.40124126949215166, 0.0, 0.0, 0.0, 0.0, 0.0, 0.0, 0.0, 0.0, 0.0, 0.0, 0.0, 0.0, 0.0, 0.0]","[0.7470709525266533, 0.2690447267181326, 0.0, 0.0, 0.0, -0.18353836007861957]","[0.21315598237005298, 0.0, 0.0, 0.0, 0.0, 0.0]","[0.9064449637978518, 0.0, 0.0, 0.0, 0.0, 0.0, 0.0, 0.0, 0.0, 0.0]"
258fbc5e,"[0.3394934126919665, 0.210798268121694, 0.0, 0.0, 0.0, 0.0, 0.0, 0.0, 0.0, 0.0, 0.0, 0.0, 0.0, 0.0, 0.0]","[0.838220565359033, 0.2615955298699178, -0.7392571514159315, 0.0, 0.0, 0.0]","[0.37824909749380525, 0.0, 0.2040047629402289, 0.0, 0.0, 0.0]","[0.9068304333255516, 0.0, 0.0, 0.0, 0.0, 0.0, 0.0, 0.0, 0.0, 0.0]"
265da921,"[0.40116102387780267, 0.0, 0.0, 0.0, 0.0, 0.0, 0.0, 0.0, 0.0, 0.0, 0.0, 0.0, 0.0, 0.0, 0.0]","[0.7753414626151767, 0.2581798572914509, 0.0, 0.0, 0.0, -0.3647667408317492]","[0.3020945622318951, 0.0, 0.0, 0.0, 0.0, 0.0]","[0.9099332865458633, 0.0, 0.0, 0.0, 0.0, 0.0, 0.0, 0.0, 0.0, 0.0]"
2713a5f4,"[0.33947306883094197, 0.20994256945643697, 0.0, 0.0, 0.0, 0.0, 0.0, 0.0, 0.0, 0.0, 0.0, 0.0, 0.0, 0.0, 0.0]","[0.6504692890303875, 0.28270392301293046, 0.3490688301418452, 0.0, 0.0, -0.7827923289418817]","[0.32770368093076413, 0.0, 0.22654407650596556, 0.0, 0.0, 0.0]","[0.9082841106395618, 0.0, 0.0, 0.0, 0.0, 0.0, 0.0, 0.0, 0.0, 0.0]"
2c2dcf89,"[0.33956487904030647, 0.21066046410107936, 0.0, 0.0, 0.0, 0.0, 0.0, 0.0, 0.0, 0.0, 0.0, 0.0, 0.0, 0.0, 0.0]","[0.7673189202221499, 0.2725897470476721, -0.7082134102883964, 0.0, 0.0, 0.0]","[0.4302612692771165, 0.0, 0.1866231734609926, 0.0, 0.0, 0.0]","[0.9086215051274801, 0.0, 0.0, 0.0, 0.0, 0.0, 0.0, 0.0, 0.0, 0.0]"
2d63c35c,"[0.40125540448840413, 0.0, 0.0, 0.0, 0.0, 0.0, 0.0, 0.0, 0.0, 0.0, 0.0, 0.0, 0.0, 0.0, 0.0]","[0.7761708495794047, 0.2358528580128872, 0.0, 0.0, 0.0, -0.21910850202911475]","[0.38375774063357143, 0.0, 0.0, 0.0, 0.0, 0.0]","[0.9050257778047912, 0.0, 0.0, 0.0, 0.0, 0.0, 0.0, 0.0, 0.0, 0.0]"
2eb1d623,"[0.40122558039025474, 0.0, 0.0, 0.0, 0.0, 0.0, 0.0, 0.0, 0.0, 0.0, 0.0, 0.0, 0.0, 0.0, 0.0]","[0.7526617451329524, 0.27693779416583153, 0.0, 0.0, 0.0, -0.27326809392553936]","[0.2595936943538223, 0.0, 0.0, 0.0, 0.0, 0.0]","[0.9071510094194551, 0.0, 0.0, 0.0, 0.0, 0.0, 0.0, 0.0, 0.0, 0.0]"
2fffdaf6,"[0.40119438568255567, 0.0, 0.0, 0.0, 0.0, 0.0, 0.0, 0.0, 0.0, 0.0, 0.0, 0.0, 0.0, 0.0, 0.0]","[0.7470077712102196, 0.2684274775233014, 0.0, 0.0, 0.0, -0.1928493384568654]","[0.2209861930366136, 0.0, 0.0, 0.0, 0.0, 0.0]","[0.9064464867115013, 0.0, 0.0, 0.0, 0.0, 0.0, 0.0, 0.0, 0.0, 0.0]"
34bd971,"[0.4011584697221579, 0.0, 0.0, 0.0, 0.0, 0.0, 0.0, 0.0, 0.0, 0.0, 0.0, 0.0, 0.0, 0.0, 0.0]","[0.7854058962577462, 0.23939333762610754, 0.0, 0.0, 0.0, -0.3187423522618421]","[0.3466307700204486, 0.0, 0.0, 0.0, 0.0, 0.0]","[0.9075358932341757, 0.0, 0.0, 0.0, 0.0, 0.0, 0.0, 0.0, 0.0, 0.0]"
40c54a06,"[0.3394855853709468, 0.21070969072210585, 0.0, 0.0, 0.0, 0.0, 0.0, 0.0, 0.0, 0.0, 0.0, 0.0, 0.0, 0.0, 0.0]","[0.8335050871535208, 0.26462608299657553, -0.738066555229371, 0.0, 0.0, 0.0]","[0.38207050857605723, 0.0, 0.20319399487894044, 0.0, 0.0, 0.0]","[0.9085088086188131, 0.0, 0.0, 0.0, 0.0, 0.0, 0.0, 0.0, 0.0, 0.0]"
418b46d3,"[0.40109306388067767, 0.0, 0.0, 0.0, 0.0, 0.0, 0.0, 0.0, 0.0, 0.0, 0.0, 0.0, 0.0, 0.0, 0.0]","[0.7850681748032492, 0.23361012097750966, 0.0, 0.0, 0.0, -0.2664017808923687]","[0.40627931200679207, 0.0, 0.0, 0.0, 0.0, 0.0]","[0.9085290607195996, 0.0, 0.0, 0.0, 0.0, 0.0, 0.0, 0.0, 0.0, 0.0]"
425953ac,"[0.33961047687724966, 0.2096993081901658, 0.0, 0.0, 0.0, 0.0, 0.0, 0.0, 0.0, 0.0, 0.0, 0.0, 0.0, 0.0, 0.0]","[0.6946850734980018, 0.2817493742996572, 0.13294702425486382, 0.0, 0.0, -0.6501896656518749]","[0.27520748041039766, 0.0, 0.2099365730313065, 0.0, 0.0, 0.0]","[0.9097582640959385, 0.0, 0.0, 0.0, 0.0, 0.0, 0.0, 0.0, 0.0, 0.0]"
43175f79,"[0.40187967670825947, 0.0, 0.0, 0.0, 0.0, 0.0, 0.0, 0.0, 0.0, 0.0, 0.0, 0.0, 0.0, 0.0, 0.0]","[0.6391721003813985, 0.2626542858294323, -0.6199042892997114, 0.0, 0.0, 0.0]","[0.512628804149834, 0.0, 0.16369390479399457, 0.0, 0.0, 0.0]","[0.9060696372434718, 0.0, 0.0, 0.0, 0.0, 0.0, 0.0, 0.0, 0.0, 0.0]"
44b37587,"[0.3395614989685489, 0.20957272375762245, 0.0, 0.0, 0.0, 0.0, 0.0, 0.0, 0.0, 0.0, 0.0, 0.0, 0.0, 0.0, 0.0]","[0.6537267930974784, 0.2861734332340008, 0.32131346563123014, 0.0, 0.0, -0.768485374898636]","[0.2958660530766657, 0.0, 0.22325367696288603, 0.0, 0.0, 0.0]","[0.910522852111701, 0.0, 0.0, 0.0, 0.0, 0.0, 0.0, 0.0, 0.0, 0.0]"
45fd7952,"[0.4011302701850188, 0.0, 0.0, 0.0, 0.0, 0.0, 0.0, 0.0, 0.0, 0.0, 0.0, 0.0, 0.0, 0.0, 0.0]","[0.7558177779540968, 0.26447072826570317, 0.0, 0.0, 0.0, -0.2328715867020656]","[0.2957634342151069, 0.0, 0.0, 0.0, 0.0, 0.0]","[0.9074886826115035, 0.0, 0.0, 0.0, 0.0, 0.0, 0.0, 0.0, 0.0, 0.0]"
462f6c2d,"[0.4010998754578636, 0.0, 0.0, 0.0, 0.0, 0.0, 0.0, 0.0, 0.0, 0.0, 0.0, 0.0, 0.0, 0.0, 0.0]","[0.7736207381561891, 0.2610770916869042, 0.0, 0.0, 0.0, -0.33293316290712405]","[0.33977951700962944, 0.0, 0.0, 0.0, 0.0, 0.0]","[0.9082149250723003, 0.0, 0.0, 0.0, 0.0, 0.0, 0.0, 0.0, 0.0, 0.0]"
476160f8,"[0.4011721619941352, 0.0, 0.0, 0.0, 0.0, 0.0, 0.0, 0.0, 0.0, 0.0, 0.0, 0.0, 0.0, 0.0, 0.0]","[0.7475507129938157, 0.27175076665037623, 0.0, 0.0, 0.0, -0.2192962059409783]","[0.23655651038016495, 0.0, 0.0, 0.0, 0.0, 0.0]","[0.9084459803811266, 0.0, 0.0, 0.0, 0.0, 0.0, 0.0, 0.0, 0.0, 0.0]"
48293504,"[0.33974913139154345, 0.20951626309549515, 0.0, 0.0, 0.0, 0.0, 0.0, 0.0, 0.0, 0.0, 0.0, 0.0, 0.0, 0.0, 0.0]","[0.8143697034449601, 0.21038688321525761, 0.0, 0.0, 0.0, -0.45021072490152225]","[0.33993908381042753, 0.0, 0.0, 0.0, 0.0, 0.0]","[0.9056155244309693, 0.0, 0.0, 0.0, 0.0, 0.0, 0.0, 0.0, 0.0, 0.0]"
496739d1,"[0.33976699323732223, 0.20909007258076978, 0.0, 0.0, 0.0, 0.0, 0.0, 0.0, 0.0, 0.0, 0.0, 0.0, 0.0, 0.0, 0.0]","[0.6139175981114346, 0.28806476273517057, 0.5039804695615896, 0.0, 0.0, -0.861450821918311]","[0.4208634423850168, 0.0, 0.0, 0.0, 0.0, 0.0]","[0.9083478971941381, 0.0, 0.0, 0.0, 0.0, 0.0, 0.0, 0.0, 0.0, 0.0]"
4ab52cae,"[0.4011350196793192, 0.0, 0.0, 0.0, 0.0, 0.0, 0.0, 0.0, 0.0, 0.0, 0.0, 0.0, 0.0, 0.0, 0.0]","[0.7736311219644599, 0.2647156831137417, 0.0, 0.0, 0.0, -0.3648931695121718]","[0.30165931582450856, 0.0, 0.0, 0.0, 0.0, 0.0]","[0.9102787609076374, 0.0, 0.0, 0.0, 0.0, 0.0, 0.0, 0.0, 0.0, 0.0]"
4bfb207b,"[0.4009843071054046, 0.0, 0.0, 0.0, 0.0, 0.0, 0.0, 0.0, 0.0, 0.0, 0.0, 0.0, 0.0, 0.0, 0.0]","[0.6485450468814237, 0.25973278100462105, 0.39811550862111067, 0.0, 0.0, -0.5112419614012567]","[0.40486031336400957, 0.0, 0.0, 0.0, 0.0, 0.0]","[0.9088787722527677, 0.0, 0.0, 0.0, 0.0, 0.0, 0.0, 0.0, 0.0, 0.0]"
4eff38f,"[0.3396001351750552, 0.2104637392662711, 0.0, 0.0, 0.0, 0.0, 0.0, 0.0, 0.0, 0.0, 0.0, 0.0, 0.0, 0.0, 0.0]","[0.950605523090841, 0.21076569691767666, -0.7481501905923593, 0.0, 0.0, 0.0]","[0.29189813329003333, 0.0, 0.2185650546258846, 0.0, 0.0, 0.0]","[0.9072449352573506, 0.0, 0.0, 0.0, 0.0, 0.0, 0.0, 0.0, 0.0, 0.0]"
4f8d1ffa,"[0.33940809578415365, 0.21088420999673024, 0.0, 0.0, 0.0, 0.0, 0.0, 0.0, 0.0, 0.0, 0.0, 0.0, 0.0, 0.0, 0.0]","[0.8570750235399545, 0.2518555463127737, -0.7417564211888372, 0.0, 0.0, 0.0]","[0.362882211836259, 0.0, 0.21411137716315057, 0.0, 0.0, 0.0]","[0.9085067548044958, 0.0, 0.0, 0.0, 0.0, 0.0, 0.0, 0.0, 0.0, 0.0]"
5a1ff5a,"[0.33947591368368896, 0.21020584293428524, 0.0, 0.0, 0.0, 0.0, 0.0, 0.0, 0.0, 0.0, 0.0, 0.0, 0.0, 0.0, 0.0]","[0.70237512301357, 0.2809197660642553, 0.08620306062882194, 0.0, 0.0, -0.6176943712304432]","[0.33182697800444877, 0.0, 0.22428744809750417, 0.0, 0.0, 0.0]","[0.9078178935913578, 0.0, 0.0, 0.0, 0.0, 0.0, 0.0, 0.0, 0.0, 0.0]"
60eb0902,"[0.3394511268760699, 0.2104879617938093, 0.0, 0.0, 0.0, 0.0, 0.0, 0.0, 0.0, 0.0, 0.0, 0.0, 0.0, 0.0, 0.0]","[0.9637171321865283, 0.18716429858893857, -0.7370867334124511, 0.0, 0.0, 0.0]","[0.3398740019130435, 0.0, 0.22505486580182865, 0.0, 0.0, 0.0]","[0.9085333594425236, 0.0, 0.0, 0.0, 0.0, 0.0, 0.0, 0.0, 0.0, 0.0]"
61a505d7,"[0.33956667830570986, 0.20942574187921842, 0.0, 0.0, 0.0, 0.0, 0.0, 0.0, 0.0, 0.0, 0.0, 0.0, 0.0, 0.0, 0.0]","[0.7863885890314382, 0.25021686527257053, 0.0, 0.0, 0.0, -0.49060203809372804]","[0.36008387249917817, 0.0, 0.0, 0.0, 0.0, 0.0]","[0.9087779518946925, 0.0, 0.0, 0.0, 0.0, 0.0, 0.0, 0.0, 0.0, 0.0]"
627710a8,"[0.4014694717459548, 0.0, 0.0, 0.0, 0.0, 0.0, 0.0, 0.0, 0.0, 0.0, 0.0, 0.0, 0.0, 0.0, 0.0]","[0.6841072004017853, 0.24747721152164284, -0.6362363692034658, 0.0, 0.0, 0.0]","[0.48947557200642383, 0.0, 0.16099182368057816, 0.0, 0.0, 0.0]","[0.9095290834879752, 0.0, 0.0, 0.0, 0.0, 0.0, 0.0, 0.0, 0.0, 0.0]"
63391c7d,"[0.401159094381808, 0.0, 0.0, 0.0, 0.0, 0.0, 0.0, 0.0, 0.0, 0.0, 0.0, 0.0, 0.0, 0.0, 0.0]","[0.7646879548544218, 0.2640062514879321, 0.0, 0.0, 0.0, -0.30375240720273133]","[0.30230632735107404, 0.0, 0.0, 0.0, 0.0, 0.0]","[0.9077016784617644, 0.0, 0.0, 0.0, 0.0, 0.0, 0.0, 0.0, 0.0, 0.0]"
649d3683,"[0.400889176234343, 0.0, 0.0, 0.0, 0.0, 0.0, 0.0, 0.0, 0.0, 0.0, 0.0, 0.0, 0.0, 0.0, 0.0]","[0.5995451655530218, 0.28433854948251536, 0.5367284189698869, 0.0, 0.0, -0.695771200754885]","[0.4057508575257342, 0.0, 0.0, 0.0, 0.0, 0.0]","[0.9111105750254045, 0.0, 0.0, 0.0, 0.0, 0.0, 0.0, 0.0, 0.0, 0.0]"
65d33a56,"[0.4010429479683427, 0.0, 0.0, 0.0, 0.0, 0.0, 0.0, 0.0, 0.0, 0.0, 0.0, 0.0, 0.0, 0.0, 0.0]","[0.7506813907964205, 0.28106547814054356, 0.0, 0.0, 0.0, -0.2788276226280442]","[0.2557556708928327, 0.0, 0.0, 0.0, 0.0, 0.0]","[0.909709927424713, 0.0, 0.0, 0.0, 0.0, 0.0, 0.0, 0.0, 0.0, 0.0]"
66012f29,"[0.33956053281076837, 0.21012472515425892, 0.0, 0.0, 0.0, 0.0, 0.0, 0.0, 0.0, 0.0, 0.0, 0.0, 0.0, 0.0, 0.0]","[0.9082640063704652, 0.22516814533052265, -0.7522177915137251, 0.0, 0.0, 0.0]","[0.32986415836598953, 0.0, 0.21637540989454015, 0.0, 0.0, 0.0]","[0.9095876438533836, 0.0, 0.0, 0.0, 0.0, 0.0, 0.0, 0.0, 0.0, 0.0]"
673ea25,"[0.33952211445565605, 0.20993728128345365, 0.0, 0.0, 0.0, 0.0, 0.0, 0.0, 0.0, 0.0, 0.0, 0.0, 0.0, 0.0, 0.0]","[0.928435171240069, 0.0, 0.14553111072648453, 0.0, 0.0, -0.6436551502010794]","[0.3766125487404621, 0.0, 0.23673359414657055, 0.0, 0.0, 0.0]","[0.9080129054623027, 0.0, 0.0, 0.0, 0.0, 0.0, 0.0, 0.0, 0.0, 0.0]"
674f23fc,"[0.4014579574217521, 0.0, 0.0, 0.0, 0.0, 0.0, 0.0, 0.0, 0.0, 0.0, 0.0, 0.0, 0.0, 0.0, 0.0]","[0.7795488468579262, 0.2648014988882306, -0.7075511769623422, 0.0, 0.0, 0.0]","[0.41142759722306865, 0.0, 0.19853255096018174, 0.0, 0.0, 0.0]","[0.9106365031932461, 0.0, 0.0, 0.0, 0.0, 0.0, 0.0, 0.0, 0.0, 0.0]"
68077600,"[0.3394387178563801, 0.21016262954386516, 0.0, 0.0, 0.0, 0.0, 0.0, 0.0, 0.0, 0.0, 0.0, 0.0, 0.0, 0.0, 0.0]","[0.685492618927696, 0.28276537823137116, 0.17738440134803077, 0.0, 0.0, -0.678452074410663]","[0.272170156229669, 0.0, 0.20756206383612216, 0.0, 0.0, 0.0]","[0.9088481538858841, 0.0, 0.0, 0.0, 0.0, 0.0, 0.0, 0.0, 0.0, 0.0]"
69497ad5,"[0.4009567644827979, 0.0, 0.0, 0.0, 0.0, 0.0, 0.0, 0.0, 0.0, 0.0, 0.0, 0.0, 0.0, 0.0, 0.0]","[0.6264922322407638, 0.2629661311749614, 0.4927073198887288, 0.0, 0.0, -0.6458551683377605]","[0.2864838558440234, 0.0, 0.2299193456227404, 0.0, 0.0, 0.0]","[0.9093774584070514, 0.0, 0.0, 0.0, 0.0, 0.0, 0.0, 0.0, 0.0, 0.0]"
6a9b6faa,"[0.4013693853655361, 0.0, 0.0, 0.0, 0.0, 0.0, 0.0, 0.0, 0.0, 0.0, 0.0, 0.0, 0.0, 0.0, 0.0]","[0.7592607209976565, 0.2620927014273588, 0.0, 0.0, 0.0, -0.255397490625529]","[0.2832753831642356, 0.0, 0.0, 0.0, 0.0, 0.0]","[0.9056953684468962, 0.0, 0.0, 0.0, 0.0, 0.0, 0.0, 0.0, 0.0, 0.0]"
6bd5637f,"[0.3398064028211729, 0.20886264945259286, 0.0, 0.0, 0.0, 0.0, 0.0, 0.0, 0.0, 0.0, 0.0, 0.0, 0.0, 0.0, 0.0]","[0.7871484664444033, 0.24336233884993458, 0.0, 0.0, 0.0, -0.4822924178439612]","[0.3406028400114432, 0.0, 0.0, 0.0, 0.0, 0.0]","[0.9091824002601391, 0.0, 0.0, 0.0, 0.0, 0.0, 0.0, 0.0, 0.0, 0.0]"
6d3f4554,"[0.33959434392593485, 0.2098043103004436, 0.0, 0.0, 0.0, 0.0, 0.0, 0.0, 0.0, 0.0, 0.0, 0.0, 0.0, 0.0, 0.0]","[0.9356173606341344, 0.0, 0.13602458797487577, 0.0, 0.0, -0.6448401201023383]","[0.28438291081093797, 0.0, 0.22550985690029846, 0.0, 0.0, 0.0]","[0.9074667072176333, 0.0, 0.0, 0.0, 0.0, 0.0, 0.0, 0.0, 0.0, 0.0]"
73de6f0,"[0.33964011157586826, 0.2097268526130552, 0.0, 0.0, 0.0, 0.0, 0.0, 0.0, 0.0, 0.0, 0.0, 0.0, 0.0, 0.0, 0.0]","[0.6716081840193218, 0.286031429023075, 0.23753461356207667, 0.0, 0.0, -0.718795865235733]","[0.26781374499213395, 0.0, 0.20561105190647827, 0.0, 0.0, 0.0]","[0.907665904293108, 0.0, 0.0, 0.0, 0.0, 0.0, 0.0, 0.0, 0.0, 0.0]"
8020c01e,"[0.40085855772964973, 0.0, 0.0, 0.0, 0.0, 0.0, 0.0, 0.0, 0.0, 0.0, 0.0, 0.0, 0.0, 0.0, 0.0]","[0.639929359870543, 0.2569780442676427, 0.44768691222721535, 0.0, 0.0, -0.580575440564278]","[0.4465425623386516, -0.15522165327611068, 0.13865944338075142, 0.0, 0.0, 0.0]","[0.9097175807809107, 0.0, 0.0, 0.0, 0.0, 0.0, 0.0, 0.0, 0.0, 0.0]"
8456ff9f,"[0.4012821424483061, 0.0, 0.0, 0.0, 0.0, 0.0, 0.0, 0.0, 0.0, 0.0, 0.0, 0.0, 0.0, 0.0, 0.0]","[0.7573205184284862, 0.272102051052229, 0.0, 0.0, 0.0, -0.2975824351736497]","[0.2739435593087468, 0.0, 0.0, 0.0, 0.0, 0.0]","[0.9065053108049996, 0.0, 0.0, 0.0, 0.0, 0.0, 0.0, 0.0, 0.0, 0.0]"
8518f34a,"[0.40123384990299726, 0.0, 0.0, 0.0, 0.0, 0.0, 0.0, 0.0, 0.0, 0.0, 0.0, 0.0, 0.0, 0.0, 0.0]","[0.7809094659653204, 0.24260044529272135, 0.0, 0.0, 0.0, -0.3123774556548088]","[0.34087115462551143, 0.0, 0.0, 0.0, 0.0, 0.0]","[0.9064241271821696, 0.0, 0.0, 0.0, 0.0, 0.0, 0.0, 0.0, 0.0, 0.0]"
86cae635,"[0.401148859922428, 0.0, 0.0, 0.0, 0.0, 0.0, 0.0, 0.0, 0.0, 0.0, 0.0, 0.0, 0.0, 0.0, 0.0]","[0.7514458405800396, 0.27460528105822646, 0.0, 0.0, 0.0, -0.26853322164083726]","[0.2657290609113533, 0.0, 0.0, 0.0, 0.0, 0.0]","[0.9083715009329901, 0.0, 0.0, 0.0, 0.0, 0.0, 0.0, 0.0, 0.0, 0.0]"
8784eae0,"[0.4011960798814113, 0.0, 0.0, 0.0, 0.0, 0.0, 0.0, 0.0, 0.0, 0.0, 0.0, 0.0, 0.0, 0.0, 0.0]","[0.7504081418934072, 0.2774685785910275, 0.0, 0.0, 0.0, -0.25144552116601276]","[0.25115091784216054, 0.0, 0.0, 0.0, 0.0, 0.0]","[0.9090438789159205, 0.0, 0.0, 0.0, 0.0, 0.0, 0.0, 0.0, 0.0, 0.0]"
88ccbf1c,"[0.40130366953531094, 0.0, 0.0, 0.0, 0.0, 0.0, 0.0, 0.0, 0.0, 0.0, 0.0, 0.0, 0.0, 0.0, 0.0]","[0.7663345508271319, 0.2665797277157931, 0.0, 0.0, 0.0, -0.32454050240019866]","[0.2842965925009405, 0.0, 0.0, 0.0, 0.0, 0.0]","[0.9068765285326604, 0.0, 0.0, 0.0, 0.0, 0.0, 0.0, 0.0, 0.0, 0.0]"
8a50a6b6,"[0.4011819555129196, 0.0, 0.0, 0.0, 0.0, 0.0, 0.0, 0.0, 0.0, 0.0, 0.0, 0.0, 0.0, 0.0, 0.0]","[0.745651099447542, 0.2786645639421277, 0.0, 0.0, 0.0, -0.24137476103243347]","[0.24718066342362194, 0.0, 0.0, 0.0, 0.0, 0.0]","[0.9069672718119974, 0.0, 0.0, 0.0, 0.0, 0.0, 0.0, 0.0, 0.0, 0.0]"
8b1eaa63,"[0.4012160486265312, 0.0, 0.0, 0.0, 0.0, 0.0, 0.0, 0.0, 0.0, 0.0, 0.0, 0.0, 0.0, 0.0, 0.0]","[0.7493005731976291, 0.2786529484432206, 0.0, 0.0, 0.0, -0.2616781612512154]","[0.2481702158424122, 0.0, 0.0, 0.0, 0.0, 0.0]","[0.9062497945287115, 0.0, 0.0, 0.0, 0.0, 0.0, 0.0, 0.0, 0.0, 0.0]"
8cba809d,"[0.40114159573640606, 0.0, 0.0, 0.0, 0.0, 0.0, 0.0, 0.0, 0.0, 0.0, 0.0, 0.0, 0.0, 0.0, 0.0]","[0.7442544070910982, 0.27793165050225743, 0.0, 0.0, 0.0, -0.2128126023819821]","[0.2295063599644593, 0.0, 0.0, 0.0, 0.0, 0.0]","[0.9085172910486627, 0.0, 0.0, 0.0, 0.0, 0.0, 0.0, 0.0, 0.0, 0.0]"
8df48c48,"[0.4011461897532541, 0.0, 0.0, 0.0, 0.0, 0.0, 0.0, 0.0, 0.0, 0.0, 0.0, 0.0, 0.0, 0.0, 0.0]","[0.7759422049658187, 0.25094633168260205, 0.0, 0.0, 0.0, -0.3053704546183917]","[0.3471243614377686, 0.0, 0.0, 0.0, 0.0, 0.0]","[0.90850198508507, 0.0, 0.0, 0.0, 0.0, 0.0, 0.0, 0.0, 0.0, 0.0]"
8e269937,"[0.40105586010321725, 0.0, 0.0, 0.0, 0.0, 0.0, 0.0, 0.0, 0.0, 0.0, 0.0, 0.0, 0.0, 0.0, 0.0]","[0.7936011763166579, 0.23349030744610083, 0.0, 0.0, 0.0, -0.32856691887101097]","[0.4017395423584845, 0.0, 0.0, 0.0, 0.0, 0.0]","[0.9093514237571598, 0.0, 0.0, 0.0, 0.0, 0.0, 0.0, 0.0, 0.0, 0.0]"
8f6895e2,"[0.4013626766472385, 0.0, 0.0, 0.0, 0.0, 0.0, 0.0, 0.0, 0.0, 0.0, 0.0, 0.0, 0.0, 0.0, 0.0]","[0.7528625332106872, 0.2659447700612727, 0.0, 0.0, 0.0, -0.22825057634586143]","[0.2591743453887838, 0.0, 0.0, 0.0, 0.0, 0.0]","[0.9060443220426085, 0.0, 0.0, 0.0, 0.0, 0.0, 0.0, 0.0, 0.0, 0.0]"
99cc0e,"[0.3397835693815043, 0.208968315013007, 0.0, 0.0, 0.0, 0.0, 0.0, 0.0, 0.0, 0.0, 0.0, 0.0, 0.0, 0.0, 0.0]","[0.7843990538546021, 0.24618563102212848, 0.0, 0.0, 0.0, -0.3899512376622443]","[0.31138259393336165, 0.0, 0.0, 0.0, 0.0, 0.0]","[0.9082949613805986, 0.0, 0.0, 0.0, 0.0, 0.0, 0.0, 0.0, 0.0, 0.0]"
a2929ab0,"[0.33926426805487947, 0.2109037396945509, 0.0, 0.0, 0.0, 0.0, 0.0, 0.0, 0.0, 0.0, 0.0, 0.0, 0.0, 0.0, 0.0]","[0.9504050972986613, 0.21757639973859844, -0.7512593220952678, 0.0, 0.0, 0.0]","[0.295985211103815, 0.0, 0.2161978613122208, 0.0, 0.0, 0.0]","[0.909977237633125, 0.0, 0.0, 0.0, 0.0, 0.0, 0.0, 0.0, 0.0, 0.0]"
a478bc9b,"[0.33936748746030465, 0.21107026533298817, 0.0, 0.0, 0.0, 0.0, 0.0, 0.0, 0.0, 0.0, 0.0, 0.0, 0.0, 0.0, 0.0]","[0.8501462732895851, 0.260639132071078, -0.7422488227055202, 0.0, 0.0, 0.0]","[0.3630103311704769, 0.0, 0.2135279107192995, 0.0, 0.0, 0.0]","[0.9077983570458301, 0.0, 0.0, 0.0, 0.0, 0.0, 0.0, 0.0, 0.0, 0.0]"
a536b04e,"[0.4014981527280925, 0.0, 0.0, 0.0, 0.0, 0.0, 0.0, 0.0, 0.0, 0.0, 0.0, 0.0, 0.0, 0.0, 0.0]","[0.49858525291794303, 0.19342822726000986, -0.4594760941254703, 0.0, 0.0, 0.0]","[0.6953247285368451, 0.0, 0.0, 0.0, 0.0, 0.0]","[0.9115033356388604, 0.0, 0.0, 0.0, 0.0, 0.0, 0.0, 0.0, 0.0, 0.0]"
a6e4a531,"[0.4010101516645151, 0.0, 0.0, 0.0, 0.0, 0.0, 0.0, 0.0, 0.0, 0.0, 0.0, 0.0, 0.0, 0.0, 0.0]","[0.745123585403558, 0.27896190908075114, 0.0, 0.0, 0.0, -0.221464162911061]","[0.23493120358816924, 0.0, 0.0, 0.0, 0.0, 0.0]","[0.9090975350770514, 0.0, 0.0, 0.0, 0.0, 0.0, 0.0, 0.0, 0.0, 0.0]"
a7aaa9e4,"[0.4014169720937487, 0.0, 0.0, 0.0, 0.0, 0.0, 0.0, 0.0, 0.0, 0.0, 0.0, 0.0, 0.0, 0.0, 0.0]","[0.77259768703659, 0.2616420006178177, 0.0, 0.0, 0.0, -0.34479935691997904]","[0.2846112870166647, 0.0, 0.0, 0.0, 0.0, 0.0]","[0.9057889010139444, 0.0, 0.0, 0.0, 0.0, 0.0, 0.0, 0.0, 0.0, 0.0]"
a8e2fc18,"[0.40100939211405423, 0.0, 0.0, 0.0, 0.0, 0.0, 0.0, 0.0, 0.0, 0.0, 0.0, 0.0, 0.0, 0.0, 0.0]","[0.7971367489955115, 0.21858510596375333, 0.0, 0.0, 0.0, -0.2565227536551318]","[0.2971036163673828, 0.0, 0.2306377252233974, 0.0, 0.0, 0.0]","[0.9083360379664737, 0.0, 0.0, 0.0, 0.0, 0.0, 0.0, 0.0, 0.0, 0.0]"
a9acf0cd,"[0.4012093477118342, 0.0, 0.0, 0.0, 0.0, 0.0, 0.0, 0.0, 0.0, 0.0, 0.0, 0.0, 0.0, 0.0, 0.0]","[0.7710244500653824, 0.2656086385014116, 0.0, 0.0, 0.0, -0.3637357051798704]","[0.30278378167194325, 0.0, 0.0, 0.0, 0.0, 0.0]","[0.9072974367656896, 0.0, 0.0, 0.0, 0.0, 0.0, 0.0, 0.0, 0.0, 0.0]"
aa7ee5b2,"[0.33971248192427894, 0.2101525332487125, 0.0, 0.0, 0.0, 0.0, 0.0, 0.0, 0.0, 0.0, 0.0, 0.0, 0.0, 0.0, 0.0]","[0.8942980963943022, 0.23321851630897672, -0.748999862665107, 0.0, 0.0, 0.0]","[0.3349766865735132, 0.0, 0.21946590690000028, 0.0, 0.0, 0.0]","[0.9077554685087056, 0.0, 0.0, 0.0, 0.0, 0.0, 0.0, 0.0, 0.0, 0.0]"
ab30e967,"[0.33928467110116717, 0.2111628775344612, 0.0, 0.0, 0.0, 0.0, 0.0, 0.0, 0.0, 0.0, 0.0, 0.0, 0.0, 0.0, 0.0]","[0.815967198724263, 0.2548051017747805, -0.7236300410419108, 0.0, 0.0, 0.0]","[0.38668979706283085, 0.0, 0.20516912115174527, 0.0, 0.0, 0.0]","[0.9101686396790508, 0.0, 0.0, 0.0, 0.0, 0.0, 0.0, 0.0, 0.0, 0.0]"
ac94c399,"[0.3394430356140207, 0.21054530179295125, 0.0, 0.0, 0.0, 0.0, 0.0, 0.0, 0.0, 0.0, 0.0, 0.0, 0.0, 0.0, 0.0]","[0.6782704156594405, 0.2867279087042477, 0.18819431900764783, 0.0, 0.0, -0.6848418641091706]","[0.36831106210355485, 0.0, 0.22957210493126184, 0.0, 0.0, 0.0]","[0.9064529332982829, 0.0, 0.0, 0.0, 0.0, 0.0, 0.0, 0.0, 0.0, 0.0]"
addacf4c,"[0.4009762398917182, 0.0, 0.0, 0.0, 0.0, 0.0, 0.0, 0.0, 0.0, 0.0, 0.0, 0.0, 0.0, 0.0, 0.0]","[0.7531570524829292, 0.28434233237757095, 0.0, 0.0, 0.0, -0.3057252006077379]","[0.2755846925566543, 0.0, 0.0, 0.0, 0.0, 0.0]","[0.9098087330559387, 0.0, 0.0, 0.0, 0.0, 0.0, 0.0, 0.0, 0.0, 0.0]"
ae08da33,"[0.4012794280587288, 0.0, 0.0, 0.0, 0.0, 0.0, 0.0, 0.0, 0.0, 0.0, 0.0, 0.0, 0.0, 0.0, 0.0]","[0.7494977279822395, 0.26420868406162, 0.0, 0.0, 0.0, -0.18241271628655936]","[0.21284532127667907, 0.0, 0.0, 0.0, 0.0, 0.0]","[0.905444849675624, 0.0, 0.0, 0.0, 0.0, 0.0, 0.0, 0.0, 0.0, 0.0]"
af46d6e6,"[0.4010602598475696, 0.0, 0.0, 0.0, 0.0, 0.0, 0.0, 0.0, 0.0, 0.0, 0.0, 0.0, 0.0, 0.0, 0.0]","[0.7537110608430281, 0.280931424203916, 0.0, 0.0, 0.0, -0.2937992390828502]","[0.2729451268462079, 0.0, 0.0, 0.0, 0.0, 0.0]","[0.9084773610285177, 0.0, 0.0, 0.0, 0.0, 0.0, 0.0, 0.0, 0.0, 0.0]"
c038c8d,"[0.33971068971303464, 0.21015579283896135, 0.0, 0.0, 0.0, 0.0, 0.0, 0.0, 0.0, 0.0, 0.0, 0.0, 0.0, 0.0, 0.0]","[0.8311224172260611, 0.25911945734552233, -0.7351666402939594, 0.0, 0.0, 0.0]","[0.37941740198940016, 0.0, 0.20737399884326144, 0.0, 0.0, 0.0]","[0.9081280504039781, 0.0, 0.0, 0.0, 0.0, 0.0, 0.0, 0.0, 0.0, 0.0]"
c07c4616,"[0.339519143280886, 0.2093996852473159, 0.0, 0.0, 0.0, 0.0, 0.0, 0.0, 0.0, 0.0, 0.0, 0.0, 0.0, 0.0, 0.0]","[0.8007259666383462, 0.23706598596696016, 0.0, 0.0, 0.0, -0.4328664357839104]","[0.38914971203360693, 0.0, 0.0, 0.0, 0.0, 0.0]","[0.9101341327830172, 0.0, 0.0, 0.0, 0.0, 0.0, 0.0, 0.0, 0.0, 0.0]"
c1324ac3,"[0.3394119114247469, 0.20999508073042475, 0.0, 0.0, 0.0, 0.0, 0.0, 0.0, 0.0, 0.0, 0.0, 0.0, 0.0, 0.0, 0.0]","[0.9822673090856685, 0.0, 0.0, 0.0, 0.0, -0.43035284886910735]","[0.3956932063750378, 0.0, 0.23785654374095583, 0.0, 0.0, 0.0]","[0.9059540491607317, 0.0, 0.0, 0.0, 0.0, 0.0, 0.0, 0.0, 0.0, 0.0]"
c2e05fbc,"[0.40106831279181504, 0.0, 0.0, 0.0, 0.0, 0.0, 0.0, 0.0, 0.0, 0.0, 0.0, 0.0, 0.0, 0.0, 0.0]","[0.7679557027431773, 0.2670806998012346, 0.0, 0.0, 0.0, -0.3482867922774936]","[0.3078615702127091, 0.0, 0.0, 0.0, 0.0, 0.0]","[0.911072642659422, 0.0, 0.0, 0.0, 0.0, 0.0, 0.0, 0.0, 0.0, 0.0]"
c3ae5369,"[0.33951860046716437, 0.2093616333941038, 0.0, 0.0, 0.0, 0.0, 0.0, 0.0, 0.0, 0.0, 0.0, 0.0, 0.0, 0.0, 0.0]","[0.6130356780030954, 0.2718214633248236, 0.5553937801646293, 0.0, 0.0, -0.800966723883959]","[0.26484400772439765, 0.0, 0.21806889666484644, 0.0, 0.0, 0.0]","[0.9088544493644076, 0.0, 0.0, 0.0, 0.0, 0.0, 0.0, 0.0, 0.0, 0.0]"
c5447542,"[0.33941825632257594, 0.2094004413871118, 0.0, 0.0, 0.0, 0.0, 0.0, 0.0, 0.0, 0.0, 0.0, 0.0, 0.0, 0.0, 0.0]","[0.9270476484978014, 0.0, 0.22718683338879225, 0.0, 0.0, -0.5164205200503499]","[0.3103422395181159, 0.0, 0.2374455368277949, 0.0, 0.0, 0.0]","[0.9079507315278645, 0.0, 0.0, 0.0, 0.0, 0.0, 0.0, 0.0, 0.0, 0.0]"
c8903914,"[0.3394073189299253, 0.2102935930474198, 0.0, 0.0, 0.0, 0.0, 0.0, 0.0, 0.0, 0.0, 0.0, 0.0, 0.0, 0.0, 0.0]","[0.6217187097004866, 0.2853130659928992, 0.47841223560479745, 0.0, 0.0, -0.8506167315587937]","[0.26331579808625, 0.0, 0.2159625234852191, 0.0, 0.0, 0.0]","[0.9072478455514758, 0.0, 0.0, 0.0, 0.0, 0.0, 0.0, 0.0, 0.0, 0.0]"
c9de35c1,"[0.4016280585245004, 0.0, 0.0, 0.0, 0.0, 0.0, 0.0, 0.0, 0.0, 0.0, 0.0, 0.0, 0.0, 0.0, 0.0]","[0.5418290604201218, 0.21018969044935815, -0.5081217626821428, 0.0, 0.0, 0.0]","[0.5726459016883255, 0.0, 0.13163751384617678, 0.0, 0.0, 0.0]","[0.9093557605192285, 0.0, 0.0, 0.0, 0.0, 0.0, 0.0, 0.0, 0.0, 0.0]"
ca0c20be,"[0.3398692974063301, 0.21004710721437606, 0.0, 0.0, 0.0, 0.0, 0.0, 0.0, 0.0, 0.0, 0.0, 0.0, 0.0, 0.0, 0.0]","[0.6597449080058265, 0.29241807324757957, 0.27051758801980375, 0.0, 0.0, -0.7453708505285201]","[0.4003217158155823, 0.0, 0.0, 0.0, 0.0, 0.0]","[0.9038435159316613, 0.0, 0.0, 0.0, 0.0, 0.0, 0.0, 0.0, 0.0, 0.0]"
cb422c6b,"[0.3392942560126903, 0.21062844632642957, 0.0, 0.0, 0.0, 0.0, 0.0, 0.0, 0.0, 0.0, 0.0, 0.0, 0.0, 0.0, 0.0]","[0.8516280809020821, 0.2507294929446632, -0.7385280575928923, 0.0, 0.0, 0.0]","[0.36885064971607545, 0.0, 0.20388100763475722, 0.0, 0.0, 0.0]","[0.911889599346036, 0.0, 0.0, 0.0, 0.0, 0.0, 0.0, 0.0, 0.0, 0.0]"
cce60695,"[0.4012461492694224, 0.0, 0.0, 0.0, 0.0, 0.0, 0.0, 0.0, 0.0, 0.0, 0.0, 0.0, 0.0, 0.0, 0.0]","[0.7467460294080048, 0.276101310724154, 0.0, 0.0, 0.0, -0.23951330704149176]","[0.24547863257440483, 0.0, 0.0, 0.0, 0.0, 0.0]","[0.907087792553494, 0.0, 0.0, 0.0, 0.0, 0.0, 0.0, 0.0, 0.0, 0.0]"
cda80a40,"[0.3395192368752512, 0.2099992055127791, 0.0, 0.0, 0.0, 0.0, 0.0, 0.0, 0.0, 0.0, 0.0, 0.0, 0.0, 0.0, 0.0]","[0.6349062107677378, 0.2879706525756446, 0.4073574939175673, 0.0, 0.0, -0.8186926001163014]","[0.2626765692223136, 0.0, 0.21403171591209194, 0.0, 0.0, 0.0]","[0.9084982894473334, 0.0, 0.0, 0.0, 0.0, 0.0, 0.0, 0.0, 0.0, 0.0]"
ce7a1f3f,"[0.4012421309353407, 0.0, 0.0, 0.0, 0.0, 0.0, 0.0, 0.0, 0.0, 0.0, 0.0, 0.0, 0.0, 0.0, 0.0]","[0.7648723682776153, 0.26176024358205, 0.0, 0.0, 0.0, -0.2883833917389612]","[0.30185817331824455, 0.0, 0.0, 0.0, 0.0, 0.0]","[0.9069013996938958, 0.0, 0.0, 0.0, 0.0, 0.0, 0.0, 0.0, 0.0, 0.0]"
cf3413ea,"[0.40109722669285147, 0.0, 0.0, 0.0, 0.0, 0.0, 0.0, 0.0, 0.0, 0.0, 0.0, 0.0, 0.0, 0.0, 0.0]","[0.7474529762255536, 0.2813198620505862, 0.0, 0.0, 0.0, -0.24352754333112264]","[0.2450336766003363, 0.0, 0.0, 0.0, 0.0, 0.0]","[0.9091939520296731, 0.0, 0.0, 0.0, 0.0, 0.0, 0.0, 0.0, 0.0, 0.0]"
d4d8058,"[0.40133116816047415, 0.0, 0.0, 0.0, 0.0, 0.0, 0.0, 0.0, 0.0, 0.0, 0.0, 0.0, 0.0, 0.0, 0.0]","[0.7455611673351196, 0.2743153363592177, 0.0, 0.0, 0.0, -0.2255714459608684]","[0.2347571920210392, 0.0, 0.0, 0.0, 0.0, 0.0]","[0.9055216749708849, 0.0, 0.0, 0.0, 0.0, 0.0, 0.0, 0.0, 0.0, 0.0]"
e0520512,"[0.4009533179668417, 0.0, 0.0, 0.0, 0.0, 0.0, 0.0, 0.0, 0.0, 0.0, 0.0, 0.0, 0.0, 0.0, 0.0]","[0.7595269410334274, 0.27180005146150676, 0.0, 0.0, 0.0, -0.2846975653226576]","[0.31207569748462727, 0.0, 0.0, 0.0, 0.0, 0.0]","[0.9110789595536845, 0.0, 0.0, 0.0, 0.0, 0.0, 0.0, 0.0, 0.0, 0.0]"
e11c09c7,"[0.3397436557318691, 0.20904189087510378, 0.0, 0.0, 0.0, 0.0, 0.0, 0.0, 0.0, 0.0, 0.0, 0.0, 0.0, 0.0, 0.0]","[0.7022328970955228, 0.2868639408121665, 0.08274840561037752, 0.0, 0.0, -0.6165941161930002]","[0.26726830270749596, 0.0, 0.2001463348710962, 0.0, 0.0, 0.0]","[0.9096619627583563, 0.0, 0.0, 0.0, 0.0, 0.0, 0.0, 0.0, 0.0, 0.0]"
e2ce1cb8,"[0.33968018645746884, 0.20912578900793244, 0.0, 0.0, 0.0, 0.0, 0.0, 0.0, 0.0, 0.0, 0.0, 0.0, 0.0, 0.0, 0.0]","[0.7982124530517393, 0.23034084810231234, 0.0, 0.0, 0.0, -0.4602777340240058]","[0.3513650480826295, 0.0, 0.0, 0.0, 0.0, 0.0]","[0.9092038519418416, 0.0, 0.0, 0.0, 0.0, 0.0, 0.0, 0.0, 0.0, 0.0]"
e380106d,"[0.40102738201469545, 0.0, 0.0, 0.0, 0.0, 0.0, 0.0, 0.0, 0.0, 0.0, 0.0, 0.0, 0.0, 0.0, 0.0]","[0.7655371582834158, 0.26013763063160367, 0.0, 0.0, 0.0, -0.2839844456634508]","[0.32905402090681235, 0.0, 0.0, 0.0, 0.0, 0.0]","[0.9098758019095086, 0.0, 0.0, 0.0, 0.0, 0.0, 0.0, 0.0, 0.0, 0.0]"
e7f62fec,"[0.40114149926903847, 0.0, 0.0, 0.0, 0.0, 0.0, 0.0, 0.0, 0.0, 0.0, 0.0, 0.0, 0.0, 0.0, 0.0]","[0.7903645990800486, 0.23276387043434563, 0.0, 0.0, 0.0, -0.3206942176454993]","[0.3821460382273447, 0.0, 0.0, 0.0, 0.0, 0.0]","[0.9081352484885168, 0.0, 0.0, 0.0, 0.0, 0.0, 0.0, 0.0, 0.0, 0.0]"
e8be7a10,"[0.3394658012541668, 0.21053308106343657, 0.0, 0.0, 0.0, 0.0, 0.0, 0.0, 0.0, 0.0, 0.0, 0.0, 0.0, 0.0, 0.0]","[0.8596916857324461, 0.24816961147394995, -0.7442165522845315, 0.0, 0.0, 0.0]","[0.36293429928384713, 0.0, 0.20972403723518943, 0.0, 0.0, 0.0]","[0.9085201098391755, 0.0, 0.0, 0.0, 0.0, 0.0, 0.0, 0.0, 0.0, 0.0]"
e9f076c5,"[0.40109201403627365, 0.0, 0.0, 0.0, 0.0, 0.0, 0.0, 0.0, 0.0, 0.0, 0.0, 0.0, 0.0, 0.0, 0.0]","[0.7615163886905407, 0.27216576664887976, 0.0, 0.0, 0.0, -0.2943390247028844]","[0.3011592779701678, 0.0, 0.0, 0.0, 0.0, 0.0]","[0.910341119047385, 0.0, 0.0, 0.0, 0.0, 0.0, 0.0, 0.0, 0.0, 0.0]"
e9f9527,"[0.33948011183747984, 0.20933264900944668, 0.0, 0.0, 0.0, 0.0, 0.0, 0.0, 0.0, 0.0, 0.0, 0.0, 0.0, 0.0, 0.0]","[0.7849233443796824, 0.2548265852489048, 0.0, 0.0, 0.0, -0.4513428351138959]","[0.3531771769475695, 0.0, 0.0, 0.0, 0.0, 0.0]","[0.9099553380180241, 0.0, 0.0, 0.0, 0.0, 0.0, 0.0, 0.0, 0.0, 0.0]"
ea2263ba,"[0.33933459849315406, 0.21054242496031822, 0.0, 0.0, 0.0, 0.0, 0.0, 0.0, 0.0, 0.0, 0.0, 0.0, 0.0, 0.0, 0.0]","[0.9278682518630263, 0.0, 0.16620417618518066, 0.0, 0.0, -0.6289491051651851]","[0.3905843609527061, 0.0, 0.23657884787825315, 0.0, 0.0, 0.0]","[0.9057148239720401, 0.0, 0.0, 0.0, 0.0, 0.0, 0.0, 0.0, 0.0, 0.0]"
eb6c6f6f,"[0.4010472806760499, 0.0, 0.0, 0.0, 0.0, 0.0, 0.0, 0.0, 0.0, 0.0, 0.0, 0.0, 0.0, 0.0, 0.0]","[0.766590180887706, 0.2555038611302209, 0.0, 0.0, 0.0, -0.25699615227823774]","[0.3442251766896127, 0.0, 0.0, 0.0, 0.0, 0.0]","[0.9092031497152604, 0.0, 0.0, 0.0, 0.0, 0.0, 0.0, 0.0, 0.0, 0.0]"
ecc84591,"[0.40115921975965807, 0.0, 0.0, 0.0, 0.0, 0.0, 0.0, 0.0, 0.0, 0.0, 0.0, 0.0, 0.0, 0.0, 0.0]","[0.7470171803026608, 0.2784039034196792, 0.0, 0.0, 0.0, -0.24286154756121117]","[0.24615294040747013, 0.0, 0.0, 0.0, 0.0, 0.0]","[0.9083579971862195, 0.0, 0.0, 0.0, 0.0, 0.0, 0.0, 0.0, 0.0, 0.0]"
ed864944,"[0.4017161674184394, 0.0, 0.0, 0.0, 0.0, 0.0, 0.0, 0.0, 0.0, 0.0, 0.0, 0.0, 0.0, 0.0, 0.0]","[0.46428069180155446, 0.19030202254379264, -0.43137984140275554, 0.0, 0.0, 0.0]","[0.7054612070471794, 0.0, 0.0, 0.0, 0.0, 0.0]","[0.9091830792738561, 0.0, 0.0, 0.0, 0.0, 0.0, 0.0, 0.0, 0.0, 0.0]"
ee545c3b,"[0.40111181942602064, 0.0, 0.0, 0.0, 0.0, 0.0, 0.0, 0.0, 0.0, 0.0, 0.0, 0.0, 0.0, 0.0, 0.0]","[0.7497803708440233, 0.27831293637990817, 0.0, 0.0, 0.0, -0.261629416886047]","[0.2562680810914566, 0.0, 0.0, 0.0, 0.0, 0.0]","[0.9094418303750863, 0.0, 0.0, 0.0, 0.0, 0.0, 0.0, 0.0, 0.0, 0.0]"
ef1a50ee,"[0.40122142426688184, 0.0, 0.0, 0.0, 0.0, 0.0, 0.0, 0.0, 0.0, 0.0, 0.0, 0.0, 0.0, 0.0, 0.0]","[0.7473866936325919, 0.27759341292726736, 0.0, 0.0, 0.0, -0.237191031583399]","[0.2426098226452592, 0.0, 0.0, 0.0, 0.0, 0.0]","[0.9067387110623876, 0.0, 0.0, 0.0, 0.0, 0.0, 0.0, 0.0, 0.0, 0.0]"
fd199f2,"[0.40102515278611706, 0.0, 0.0, 0.0, 0.0, 0.0, 0.0, 0.0, 0.0, 0.0, 0.0, 0.0, 0.0, 0.0, 0.0]","[0.6591414708669728, 0.24338321960708134, 0.4060554616688629, 0.0, 0.0, -0.5240000719258414]","[0.460538342162634, -0.15612506676754895, 0.1458936205730425, 0.0, 0.0, 0.0]","[0.9063122199108846, 0.0, 0.0, 0.0, 0.0, 0.0, 0.0, 0.0, 0.0, 0.0]"
