,mean,sd,hdi_3%,hdi_97%,mcse_mean,mcse_sd,ess_bulk,ess_tail,r_hat
alpha_cf_pos[0],0.666,0.256,0.177,1.0,0.005,0.004,4249.0,2858.0,1.0
alpha_cf_pos[1],0.65,0.213,0.28,1.0,0.003,0.002,4821.0,5576.0,1.0
alpha_cf_pos[2],0.723,0.233,0.239,1.0,0.003,0.002,5162.0,4505.0,1.0
alpha_cf_pos[3],0.294,0.192,0.0,0.6,0.017,0.012,119.0,775.0,1.02
alpha_cf_pos[4],0.546,0.137,0.298,0.813,0.002,0.001,8324.0,6900.0,1.0
alpha_cf_pos[5],0.681,0.211,0.309,1.0,0.002,0.001,9242.0,4482.0,1.0
alpha_cf_pos[6],0.516,0.182,0.189,0.863,0.004,0.003,2119.0,5342.0,1.0
alpha_cf_pos[7],0.42,0.251,0.0,0.844,0.014,0.01,294.0,1545.0,1.01
alpha_cf_pos[8],0.566,0.122,0.342,0.794,0.001,0.001,8251.0,6707.0,1.0
alpha_cf_pos[9],0.577,0.192,0.183,0.901,0.004,0.003,2611.0,2750.0,1.0
alpha_cf_pos[10],0.573,0.204,0.197,0.939,0.003,0.002,6511.0,5236.0,1.0
alpha_cf_pos[11],0.55,0.182,0.231,0.917,0.003,0.002,3219.0,4464.0,1.0
alpha_cf_pos[12],0.558,0.238,0.167,0.994,0.008,0.006,1128.0,2367.0,1.0
alpha_cf_pos[13],0.858,0.13,0.608,1.0,0.002,0.001,3081.0,3825.0,1.0
alpha_cf_pos[14],0.519,0.259,0.074,0.958,0.011,0.008,609.0,2032.0,1.0
alpha_cf_pos[15],0.678,0.241,0.258,1.0,0.004,0.003,4626.0,4642.0,1.0
alpha_cf_pos[16],0.889,0.092,0.722,1.0,0.001,0.001,3411.0,3980.0,1.0
alpha_cf_pos[17],0.665,0.226,0.27,1.0,0.003,0.002,6971.0,4693.0,1.0
alpha_cf_pos[18],0.519,0.207,0.129,0.862,0.007,0.005,1019.0,2453.0,1.0
alpha_cf_pos[19],0.558,0.24,0.123,0.93,0.008,0.005,1055.0,3239.0,1.0
alpha_cf_pos[20],0.327,0.237,0.0,0.74,0.018,0.012,167.0,1504.0,1.01
alpha_cf_pos[21],0.596,0.225,0.19,0.954,0.006,0.004,1732.0,4429.0,1.0
alpha_cf_pos[22],0.806,0.14,0.554,1.0,0.001,0.001,7519.0,4593.0,1.0
alpha_cf_pos[23],0.869,0.131,0.622,1.0,0.002,0.001,4174.0,3444.0,1.0
alpha_cf_pos[24],0.526,0.292,0.033,0.929,0.019,0.014,285.0,803.0,1.01
alpha_cf_pos[25],0.577,0.15,0.299,0.863,0.002,0.001,8436.0,5859.0,1.0
alpha_cf_pos[26],0.69,0.191,0.363,1.0,0.002,0.001,8109.0,4829.0,1.0
alpha_cf_pos[27],0.438,0.193,0.051,0.748,0.012,0.008,288.0,1063.0,1.01
alpha_cf_pos[28],0.705,0.215,0.298,1.0,0.003,0.002,5313.0,4910.0,1.0
alpha_cf_pos[29],0.423,0.152,0.14,0.679,0.006,0.004,602.0,3731.0,1.0
alpha_cf_pos[30],0.347,0.213,0.0,0.653,0.019,0.013,139.0,1127.0,1.02
alpha_cf_pos[31],0.597,0.256,0.152,1.0,0.003,0.002,6946.0,4576.0,1.0
alpha_cf_pos[32],0.825,0.139,0.572,1.0,0.001,0.001,8969.0,4788.0,1.0
alpha_cf_pos[33],0.607,0.268,0.118,1.0,0.009,0.007,1221.0,1278.0,1.0
alpha_cf_pos[34],0.695,0.175,0.401,0.998,0.002,0.001,8181.0,4911.0,1.0
alpha_cf_pos[35],0.571,0.241,0.178,1.0,0.007,0.005,1341.0,2382.0,1.0
alpha_cf_pos[36],0.821,0.13,0.589,1.0,0.001,0.001,6191.0,4460.0,1.0
alpha_cf_pos[37],0.431,0.266,0.009,0.81,0.024,0.017,134.0,673.0,1.02
alpha_cf_pos[38],0.495,0.207,0.064,0.842,0.005,0.004,1591.0,2266.0,1.0
alpha_cf_pos[39],0.733,0.221,0.297,1.0,0.003,0.002,5259.0,3352.0,1.0
alpha_cf_pos[40],0.478,0.174,0.144,0.773,0.006,0.004,934.0,4243.0,1.0
alpha_cf_pos[41],0.431,0.212,0.074,0.76,0.015,0.011,199.0,2463.0,1.01
alpha_cf_pos[42],0.811,0.134,0.577,1.0,0.001,0.001,6245.0,4534.0,1.0
alpha_cf_pos[43],0.599,0.22,0.165,0.965,0.008,0.005,1046.0,1226.0,1.0
alpha_cf_pos[44],0.384,0.196,0.069,0.687,0.015,0.01,193.0,1357.0,1.01
alpha_cf_pos[45],0.818,0.174,0.475,1.0,0.002,0.002,4338.0,3612.0,1.0
alpha_cf_pos[46],0.698,0.183,0.388,1.0,0.002,0.001,9148.0,4930.0,1.0
alpha_cf_pos[47],0.725,0.196,0.387,1.0,0.002,0.002,6210.0,5006.0,1.0
alpha_cf_pos[48],0.535,0.19,0.174,0.887,0.004,0.003,1905.0,3631.0,1.0
alpha_cf_pos[49],0.44,0.207,0.067,0.829,0.005,0.003,1729.0,3798.0,1.0
alpha_cf_pos[50],0.588,0.238,0.18,1.0,0.007,0.005,1520.0,2945.0,1.0
alpha_cf_pos[51],0.506,0.181,0.151,0.802,0.006,0.004,1075.0,3320.0,1.0
alpha_cf_pos[52],0.494,0.177,0.158,0.814,0.005,0.004,1251.0,2999.0,1.0
alpha_cf_pos[53],0.462,0.144,0.203,0.736,0.003,0.002,2245.0,4933.0,1.0
alpha_cf_pos[54],0.554,0.196,0.193,0.901,0.005,0.003,1766.0,4374.0,1.0
alpha_cf_pos[55],0.289,0.203,0.0,0.626,0.019,0.014,108.0,875.0,1.02
alpha_cf_pos[56],0.606,0.248,0.162,0.999,0.009,0.006,1206.0,1661.0,1.0
alpha_cf_pos[57],0.635,0.172,0.317,0.943,0.002,0.001,6912.0,4106.0,1.0
alpha_cf_pos[58],0.76,0.218,0.319,1.0,0.003,0.002,6630.0,5058.0,1.0
alpha_cf_pos[59],0.582,0.304,0.089,0.993,0.015,0.011,571.0,2281.0,1.01
alpha_cf_pos[60],0.639,0.284,0.068,1.0,0.01,0.007,1425.0,983.0,1.0
alpha_cf_pos[61],0.738,0.266,0.19,1.0,0.006,0.004,2539.0,3377.0,1.0
alpha_cf_pos[62],0.492,0.19,0.131,0.832,0.006,0.004,1139.0,3816.0,1.0
alpha_cf_pos[63],0.524,0.248,0.103,0.953,0.01,0.007,686.0,2570.0,1.0
alpha_cf_pos[64],0.708,0.171,0.405,0.994,0.002,0.001,7223.0,5030.0,1.0
alpha_cf_pos[65],0.448,0.237,0.03,0.828,0.015,0.011,261.0,1102.0,1.01
alpha_cf_pos[66],0.509,0.167,0.192,0.808,0.004,0.003,2039.0,3397.0,1.0
alpha_cf_pos[67],0.432,0.154,0.144,0.716,0.004,0.003,1673.0,5406.0,1.0
alpha_cf_pos[68],0.751,0.186,0.409,1.0,0.002,0.001,6755.0,4766.0,1.0
alpha_cf_pos[69],0.624,0.228,0.227,0.999,0.005,0.003,2914.0,4457.0,1.0
alpha_cf_pos[70],0.638,0.242,0.21,1.0,0.006,0.004,2242.0,4895.0,1.0
alpha_cf_pos[71],0.641,0.294,0.136,1.0,0.011,0.007,1086.0,2534.0,1.0
alpha_cf_pos[72],0.454,0.226,0.025,0.813,0.014,0.01,278.0,1124.0,1.01
alpha_cf_pos[73],0.767,0.161,0.479,1.0,0.002,0.001,6852.0,3334.0,1.0
alpha_cf_pos[74],0.633,0.192,0.311,0.995,0.002,0.002,5315.0,4547.0,1.0
alpha_cf_pos[75],0.712,0.245,0.248,1.0,0.004,0.003,4450.0,5260.0,1.0
alpha_cf_pos[76],0.537,0.196,0.166,0.895,0.005,0.003,1668.0,4419.0,1.0
alpha_cf_pos[77],0.777,0.201,0.38,1.0,0.003,0.002,5308.0,2998.0,1.0
alpha_cf_pos[78],0.542,0.137,0.289,0.795,0.002,0.001,7340.0,6934.0,1.0
alpha_cf_pos[79],0.633,0.304,0.04,1.0,0.02,0.014,513.0,634.0,1.01
alpha_cf_pos[80],0.582,0.258,0.128,1.0,0.008,0.006,1585.0,2155.0,1.0
alpha_cf_pos[81],0.697,0.161,0.428,0.996,0.001,0.001,10115.0,4335.0,1.0
alpha_cf_pos[82],0.775,0.183,0.426,1.0,0.002,0.001,5965.0,3572.0,1.0
alpha_cf_pos[83],0.317,0.261,0.0,0.729,0.031,0.022,72.0,796.0,1.03
alpha_cf_pos[84],0.596,0.224,0.152,0.946,0.009,0.006,763.0,1383.0,1.01
alpha_cf_pos[85],0.518,0.189,0.149,0.846,0.007,0.005,816.0,2465.0,1.0
alpha_cf_pos[86],0.656,0.257,0.181,1.0,0.006,0.004,3596.0,3854.0,1.0
alpha_cf_pos[87],0.636,0.219,0.258,1.0,0.004,0.003,3836.0,4061.0,1.0
alpha_cf_pos[88],0.697,0.237,0.253,1.0,0.003,0.002,5938.0,4416.0,1.0
alpha_cf_pos[89],0.516,0.248,0.058,0.878,0.013,0.009,425.0,1325.0,1.01
alpha_cf_pos[90],0.528,0.258,0.1,0.983,0.011,0.008,636.0,1698.0,1.0
alpha_cf_pos[91],0.509,0.201,0.139,0.884,0.004,0.003,2208.0,5163.0,1.0
alpha_cf_pos[92],0.712,0.187,0.38,1.0,0.002,0.001,8198.0,6059.0,1.0
alpha_cf_pos[93],0.627,0.178,0.297,0.94,0.002,0.002,5316.0,4358.0,1.0
alpha_cf_pos[94],0.611,0.205,0.279,1.0,0.002,0.001,9316.0,4741.0,1.0
alpha_cf_pos[95],0.871,0.104,0.68,1.0,0.001,0.001,3031.0,3832.0,1.0
alpha_cf_pos[96],0.462,0.179,0.118,0.784,0.005,0.003,1282.0,3807.0,1.0
alpha_cf_pos[97],0.595,0.375,0.0,0.971,0.041,0.029,141.0,430.0,1.02
alpha_cf_pos[98],0.651,0.255,0.214,1.0,0.004,0.003,4422.0,4400.0,1.0
alpha_cf_pos[99],0.34,0.22,0.0,0.674,0.02,0.015,125.0,937.0,1.01
alpha_cf_pos[100],0.42,0.148,0.154,0.7,0.005,0.003,939.0,4809.0,1.0
alpha_cf_pos[101],0.59,0.245,0.07,0.955,0.009,0.006,943.0,1312.0,1.0
alpha_cf_pos[102],0.446,0.188,0.089,0.777,0.007,0.005,762.0,1728.0,1.01
alpha_cf_pos[103],0.632,0.231,0.229,1.0,0.004,0.003,4738.0,4388.0,1.0
alpha_cf_pos[104],0.675,0.212,0.307,1.0,0.003,0.002,5865.0,4536.0,1.0
alpha_cf_pos[105],0.728,0.248,0.255,1.0,0.004,0.003,4412.0,5117.0,1.0
alpha_cf_pos[106],0.803,0.16,0.505,1.0,0.002,0.001,5622.0,4373.0,1.0
alpha_cf_pos[107],0.59,0.261,0.137,1.0,0.005,0.003,4004.0,3082.0,1.0
alpha_cf_pos[108],0.674,0.22,0.282,1.0,0.002,0.001,10675.0,5565.0,1.0
alpha_cf_pos[109],0.423,0.182,0.075,0.704,0.008,0.005,604.0,2994.0,1.0
alpha_cf_pos[110],0.769,0.169,0.468,1.0,0.002,0.001,9315.0,4445.0,1.0
alpha_cf_pos[111],0.54,0.187,0.182,0.88,0.005,0.004,1552.0,2639.0,1.0
alpha_cf_pos[112],0.635,0.248,0.204,1.0,0.006,0.004,2478.0,1871.0,1.0
alpha_cf_pos[113],0.742,0.183,0.422,1.0,0.002,0.002,6492.0,4202.0,1.0
alpha_cf_pos[114],0.755,0.185,0.412,1.0,0.002,0.001,9348.0,4869.0,1.0
alpha_cf_pos[115],0.718,0.159,0.455,1.0,0.002,0.001,6948.0,3711.0,1.0
alpha_cf_pos[116],0.718,0.213,0.313,1.0,0.002,0.002,8357.0,5583.0,1.0
alpha_cf_pos[117],0.382,0.178,0.037,0.671,0.009,0.006,376.0,1555.0,1.01
alpha_cf_pos[118],0.624,0.197,0.263,0.962,0.003,0.002,5177.0,4825.0,1.0
alpha_cf_pos[119],0.701,0.229,0.284,1.0,0.003,0.002,5011.0,4769.0,1.0
alpha_cf_pos[120],0.693,0.232,0.269,1.0,0.003,0.002,5974.0,3631.0,1.0
alpha_cf_pos[121],0.787,0.154,0.511,1.0,0.002,0.001,6963.0,3807.0,1.0
alpha_cf_pos[122],0.408,0.193,0.068,0.758,0.01,0.007,346.0,3773.0,1.01
alpha_cf_pos[123],0.58,0.182,0.225,0.888,0.005,0.003,1642.0,2373.0,1.0
alpha_cf_pos[124],0.579,0.211,0.194,0.944,0.005,0.004,1786.0,2516.0,1.0
alpha_cf_pos[125],0.66,0.196,0.334,0.999,0.002,0.002,8030.0,4772.0,1.0
alpha_cf_pos[126],0.323,0.187,0.014,0.631,0.014,0.01,176.0,1560.0,1.01
alpha_cf_pos[127],0.503,0.201,0.147,0.884,0.007,0.005,866.0,4224.0,1.01
alpha_cf_pos[128],0.382,0.186,0.053,0.716,0.01,0.007,349.0,1957.0,1.01
alpha_cf_pos[129],0.412,0.159,0.115,0.695,0.006,0.004,656.0,2687.0,1.0
alpha_cf_pos[130],0.409,0.146,0.134,0.674,0.006,0.004,634.0,2821.0,1.0
alpha_cf_pos[131],0.484,0.237,0.06,0.874,0.013,0.009,350.0,1824.0,1.01
alpha_cf_pos[132],0.671,0.24,0.217,1.0,0.005,0.004,2334.0,1716.0,1.0
alpha_cf_pos[133],0.632,0.183,0.312,0.968,0.002,0.002,5804.0,3367.0,1.0
alpha_cf_pos[134],0.545,0.237,0.13,0.937,0.01,0.007,627.0,2095.0,1.0
alpha_cf_pos[135],0.797,0.14,0.551,1.0,0.001,0.001,5558.0,3094.0,1.0
alpha_cf_pos[136],0.694,0.209,0.32,1.0,0.002,0.002,8679.0,4447.0,1.0
alpha_cf_pos[137],0.816,0.136,0.572,1.0,0.001,0.001,5598.0,3470.0,1.0
alpha_cf_pos[138],0.607,0.253,0.164,1.0,0.004,0.003,4563.0,3041.0,1.0
alpha_cf_pos[139],0.658,0.225,0.259,1.0,0.004,0.003,4178.0,2779.0,1.0
alpha_cf_pos[140],0.814,0.144,0.548,1.0,0.001,0.001,5544.0,3392.0,1.0
alpha_cf_pos[141],0.569,0.153,0.264,0.831,0.002,0.002,5671.0,5284.0,1.0
alpha_cf_pos[142],0.723,0.173,0.425,1.0,0.002,0.001,9364.0,5541.0,1.0
alpha_cf_pos[143],0.59,0.197,0.216,0.926,0.005,0.003,1843.0,4617.0,1.0
alpha_cf_pos[144],0.67,0.199,0.34,1.0,0.002,0.002,6424.0,5030.0,1.0
alpha_cf_pos[145],0.682,0.188,0.364,1.0,0.002,0.002,7168.0,4733.0,1.0
alpha_cf_pos[146],0.369,0.17,0.074,0.678,0.006,0.004,687.0,3364.0,1.0
alpha_cf_pos[147],0.4,0.21,0.05,0.757,0.014,0.01,230.0,1277.0,1.01
alpha_cf_pos[148],0.371,0.24,0.001,0.79,0.016,0.012,191.0,1172.0,1.01
alpha_cf_pos[149],0.717,0.18,0.406,1.0,0.003,0.002,3544.0,1702.0,1.0
alpha_cf_pos[150],0.484,0.169,0.158,0.781,0.005,0.003,1255.0,2870.0,1.0
alpha_cf_pos[151],0.546,0.142,0.273,0.802,0.002,0.001,6444.0,5939.0,1.0
alpha_cf_pos[152],0.532,0.203,0.179,0.919,0.003,0.002,4247.0,4301.0,1.0
alpha_cf_pos[153],0.641,0.198,0.308,0.999,0.002,0.002,7058.0,6133.0,1.0
alpha_cf_pos[154],0.465,0.238,0.05,0.883,0.013,0.009,337.0,1913.0,1.01
alpha_cf_pos[155],0.53,0.209,0.148,0.902,0.011,0.008,356.0,156.0,1.01
alpha_cf_pos[156],0.588,0.193,0.231,0.93,0.004,0.003,3026.0,4297.0,1.0
alpha_cf_pos[157],0.525,0.165,0.216,0.831,0.003,0.002,2553.0,3806.0,1.0
alpha_cf_pos[158],0.728,0.3,0.12,1.0,0.008,0.006,2092.0,2096.0,1.0
alpha_cf_pos[159],0.543,0.225,0.13,0.917,0.007,0.005,1032.0,2997.0,1.0
alpha_cf_pos[160],0.551,0.216,0.163,0.937,0.006,0.004,1713.0,3545.0,1.0
alpha_cf_pos[161],0.564,0.283,0.091,0.971,0.016,0.011,397.0,1728.0,1.01
alpha_cf_pos[162],0.626,0.315,0.067,0.999,0.016,0.011,572.0,1230.0,1.01
alpha_cf_pos[163],0.401,0.254,0.0,0.8,0.02,0.014,159.0,983.0,1.01
alpha_cf_pos[164],0.517,0.245,0.11,0.948,0.01,0.007,603.0,1615.0,1.0
alpha_cf_pos[165],0.729,0.239,0.281,1.0,0.004,0.003,4377.0,4924.0,1.0
alpha_cf_pos[166],0.731,0.295,0.032,1.0,0.014,0.01,903.0,536.0,1.0
alpha_cf_pos[167],0.539,0.163,0.223,0.821,0.003,0.002,3696.0,4696.0,1.0
alpha_cf_pos[168],0.658,0.222,0.279,1.0,0.004,0.003,4556.0,5244.0,1.0
alpha_cf_pos[169],0.638,0.223,0.237,1.0,0.004,0.003,4402.0,2396.0,1.0
alpha_cf_pos[170],0.616,0.227,0.213,0.983,0.005,0.003,2705.0,4539.0,1.0
alpha_cf_pos[171],0.608,0.238,0.162,0.984,0.008,0.005,1250.0,1697.0,1.0
alpha_cf_pos[172],0.677,0.167,0.404,1.0,0.002,0.001,7699.0,4831.0,1.0
alpha_cf_pos[173],0.776,0.233,0.21,1.0,0.007,0.005,2051.0,812.0,1.0
alpha_cf_pos[174],0.648,0.203,0.307,1.0,0.002,0.002,7256.0,4640.0,1.0
alpha_cf_pos[175],0.599,0.182,0.246,0.901,0.003,0.002,3554.0,6113.0,1.0
alpha_cf_pos[176],0.325,0.259,0.0,0.711,0.031,0.022,77.0,755.0,1.02
alpha_cf_pos[177],0.417,0.152,0.132,0.694,0.004,0.003,1446.0,5251.0,1.0
alpha_cf_pos[178],0.441,0.184,0.075,0.748,0.009,0.006,450.0,2359.0,1.01
alpha_cf_pos[179],0.534,0.245,0.144,1.0,0.005,0.004,2277.0,1719.0,1.0
alpha_cf_pos[180],0.475,0.294,0.0,0.895,0.022,0.016,200.0,1103.0,1.01
alpha_cf_pos[181],0.601,0.192,0.255,0.937,0.003,0.002,3464.0,6028.0,1.0
alpha_cf_pos[182],0.483,0.178,0.141,0.789,0.006,0.004,856.0,3987.0,1.0
alpha_cf_pos[183],0.566,0.179,0.23,0.888,0.003,0.002,3561.0,5721.0,1.0
alpha_cf_pos[184],0.296,0.232,0.0,0.661,0.024,0.017,99.0,667.0,1.02
alpha_cf_pos[185],0.526,0.289,0.016,0.933,0.013,0.009,662.0,1318.0,1.01
alpha_cf_pos[186],0.56,0.264,0.084,0.965,0.011,0.008,704.0,2156.0,1.0
alpha_cf_pos[187],0.69,0.18,0.395,1.0,0.002,0.001,6906.0,3853.0,1.0
alpha_cf_pos[188],0.529,0.246,0.101,0.958,0.009,0.006,835.0,2214.0,1.0
alpha_cf_pos[189],0.456,0.134,0.202,0.703,0.003,0.002,2577.0,6291.0,1.0
alpha_cf_pos[190],0.659,0.216,0.278,1.0,0.003,0.002,8456.0,6193.0,1.0
alpha_cf_pos[191],0.789,0.162,0.486,1.0,0.002,0.001,6151.0,3884.0,1.0
alpha_cf_pos[192],0.468,0.236,0.014,0.798,0.016,0.012,231.0,1171.0,1.01
alpha_cf_pos[193],0.649,0.275,0.153,1.0,0.007,0.005,1992.0,2571.0,1.0
alpha_cf_pos[194],0.705,0.203,0.341,1.0,0.002,0.002,8093.0,4339.0,1.0
alpha_cf_pos[195],0.514,0.346,0.007,0.948,0.031,0.022,165.0,905.0,1.02
alpha_cf_pos[196],0.692,0.233,0.282,1.0,0.003,0.002,5277.0,5700.0,1.0
alpha_cf_pos[197],0.601,0.17,0.262,0.893,0.004,0.003,2516.0,1468.0,1.0
alpha_cf_pos[198],0.789,0.166,0.481,1.0,0.002,0.001,5380.0,4552.0,1.0
alpha_cf_pos[199],0.703,0.267,0.199,1.0,0.005,0.004,2994.0,3690.0,1.0
alpha_cf_pos[200],0.459,0.195,0.105,0.815,0.007,0.005,755.0,3686.0,1.0
alpha_cf_pos[201],0.643,0.24,0.222,0.999,0.005,0.003,3062.0,4651.0,1.0
alpha_cf_pos[202],0.568,0.223,0.158,0.967,0.005,0.004,2262.0,2082.0,1.0
alpha_cf_pos[203],0.482,0.292,0.0,0.877,0.023,0.016,284.0,846.0,1.02
alpha_cf_pos[204],0.763,0.164,0.473,1.0,0.002,0.001,6566.0,3054.0,1.0
alpha_cf_pos[205],0.479,0.222,0.077,0.882,0.008,0.006,717.0,2954.0,1.0
alpha_cf_pos[206],0.541,0.181,0.212,0.883,0.004,0.003,2250.0,4971.0,1.0
alpha_cf_pos[207],0.715,0.197,0.363,1.0,0.003,0.002,5279.0,3934.0,1.0
alpha_cf_pos[208],0.377,0.228,0.001,0.776,0.013,0.009,272.0,1655.0,1.01
alpha_cf_pos[209],0.375,0.223,0.002,0.734,0.018,0.013,157.0,903.0,1.01
alpha_cf_pos[210],0.459,0.294,0.005,0.875,0.027,0.019,136.0,1047.0,1.02
alpha_cf_pos[211],0.58,0.27,0.054,0.966,0.01,0.007,1251.0,1709.0,1.0
alpha_cf_pos[212],0.617,0.361,0.0,0.964,0.039,0.028,163.0,492.0,1.03
alpha_cf_pos[213],0.617,0.179,0.294,0.94,0.002,0.001,7368.0,5562.0,1.0
alpha_cf_pos[214],0.478,0.252,0.09,0.944,0.01,0.007,618.0,2734.0,1.0
alpha_cf_pos[215],0.449,0.311,0.0,0.88,0.028,0.02,142.0,963.0,1.01
alpha_cf_pos[216],0.611,0.219,0.231,0.99,0.004,0.003,3465.0,2239.0,1.0
alpha_cf_pos[217],0.489,0.327,0.0,0.921,0.027,0.019,181.0,757.0,1.01
alpha_cf_pos[218],0.878,0.129,0.635,1.0,0.002,0.001,3227.0,3584.0,1.0
alpha_cf_pos[219],0.589,0.159,0.282,0.863,0.002,0.002,5861.0,6983.0,1.0
alpha_cf_pos[220],0.722,0.191,0.387,1.0,0.002,0.001,6766.0,3275.0,1.0
alpha_cf_pos[221],0.485,0.136,0.223,0.738,0.001,0.001,8646.0,6552.0,1.0
alpha_cf_pos[222],0.498,0.199,0.135,0.857,0.008,0.006,562.0,3176.0,1.0
alpha_cf_pos[223],0.44,0.209,0.068,0.835,0.009,0.006,497.0,2909.0,1.0
alpha_cf_pos[224],0.659,0.177,0.372,1.0,0.002,0.001,7173.0,3563.0,1.0
alpha_cf_pos[225],0.419,0.238,0.05,0.769,0.021,0.015,151.0,2242.0,1.01
alpha_cf_pos[226],0.793,0.141,0.545,1.0,0.001,0.001,6442.0,4315.0,1.0
alpha_cf_pos[227],0.689,0.226,0.289,1.0,0.003,0.002,6226.0,5609.0,1.0
alpha_cf_pos[228],0.521,0.197,0.163,0.858,0.007,0.005,911.0,2233.0,1.0
alpha_cf_pos[229],0.45,0.188,0.102,0.782,0.01,0.007,391.0,1831.0,1.0
alpha_cf_pos[230],0.529,0.346,0.0,0.948,0.03,0.022,180.0,967.0,1.01
alpha_cf_pos[231],0.533,0.256,0.025,0.916,0.01,0.007,880.0,2892.0,1.0
alpha_cf_pos[232],0.371,0.226,0.013,0.761,0.014,0.01,241.0,1769.0,1.01
alpha_cf_pos[233],0.736,0.164,0.449,1.0,0.002,0.001,8878.0,5471.0,1.0
alpha_cf_pos[234],0.642,0.252,0.161,1.0,0.008,0.006,1435.0,780.0,1.01
alpha_cf_pos[235],0.357,0.251,0.0,0.745,0.024,0.017,120.0,1031.0,1.02
alpha_cf_pos[236],0.81,0.135,0.571,1.0,0.001,0.001,6659.0,4440.0,1.0
alpha_cf_pos[237],0.545,0.187,0.186,0.867,0.004,0.003,2287.0,4077.0,1.0
alpha_cf_pos[238],0.53,0.188,0.19,0.874,0.005,0.004,1229.0,4574.0,1.0
alpha_cf_pos[239],0.651,0.199,0.307,0.996,0.002,0.001,8797.0,5541.0,1.0
alpha_cf_pos[240],0.562,0.176,0.214,0.865,0.003,0.002,3234.0,4046.0,1.0
alpha_cf_pos[241],0.825,0.13,0.593,1.0,0.001,0.001,4936.0,4428.0,1.0
alpha_cf_pos[242],0.811,0.148,0.536,1.0,0.002,0.002,2358.0,3213.0,1.0
alpha_cf_pos[243],0.842,0.126,0.612,1.0,0.001,0.001,6175.0,3297.0,1.0
alpha_cf_pos[244],0.845,0.152,0.583,1.0,0.003,0.002,4328.0,2858.0,1.0
alpha_cf_pos[245],0.859,0.108,0.663,1.0,0.001,0.001,4016.0,3758.0,1.0
alpha_cf_pos[246],0.598,0.174,0.268,0.882,0.003,0.002,4181.0,6395.0,1.0
alpha_cf_pos[247],0.353,0.22,0.002,0.687,0.018,0.013,143.0,817.0,1.02
alpha_cf_pos[248],0.312,0.208,0.0,0.609,0.023,0.016,89.0,861.0,1.02
alpha_cf_pos[249],0.548,0.246,0.087,0.909,0.013,0.009,445.0,1461.0,1.01
alpha_cf_pos[250],0.46,0.286,0.002,0.909,0.015,0.011,396.0,1623.0,1.01
alpha_cf_pos[251],0.688,0.155,0.436,1.0,0.002,0.001,8815.0,4148.0,1.0
alpha_cf_pos[252],0.313,0.203,0.001,0.619,0.02,0.014,108.0,986.0,1.02
alpha_cf_pos[253],0.552,0.277,0.06,0.957,0.013,0.009,625.0,2423.0,1.01
alpha_cf_pos[254],0.744,0.202,0.364,1.0,0.002,0.001,8773.0,5683.0,1.0
alpha_cf_pos[255],0.566,0.198,0.215,0.94,0.002,0.002,6294.0,4609.0,1.0
alpha_cf_pos[256],0.466,0.31,0.0,0.86,0.035,0.025,94.0,842.0,1.02
alpha_cf_pos[257],0.647,0.182,0.306,0.948,0.002,0.002,5312.0,5563.0,1.0
alpha_cf_pos[258],0.489,0.198,0.121,0.822,0.007,0.005,959.0,2994.0,1.0
alpha_cf_pos[259],0.661,0.188,0.344,1.0,0.002,0.001,8615.0,4789.0,1.0
alpha_cf_pos[260],0.661,0.23,0.243,1.0,0.004,0.003,4347.0,5122.0,1.0
alpha_cf_pos[261],0.538,0.13,0.296,0.782,0.002,0.001,5682.0,5995.0,1.0
alpha_cf_pos[262],0.643,0.202,0.262,0.973,0.003,0.002,4678.0,5058.0,1.0
alpha_cf_pos[263],0.565,0.314,0.047,1.0,0.019,0.013,334.0,1018.0,1.01
alpha_cf_pos[264],0.665,0.219,0.298,1.0,0.003,0.002,4713.0,5774.0,1.0
alpha_cf_pos[265],0.686,0.195,0.344,1.0,0.002,0.001,9941.0,5244.0,1.0
alpha_cf_pos[266],0.682,0.207,0.325,1.0,0.003,0.002,5992.0,5101.0,1.0
alpha_cf_pos[267],0.641,0.226,0.249,1.0,0.003,0.002,6943.0,3823.0,1.0
alpha_cf_pos[268],0.651,0.271,0.17,1.0,0.007,0.005,1827.0,2894.0,1.0
alpha_cf_pos[269],0.718,0.214,0.332,1.0,0.003,0.002,5884.0,5394.0,1.0
alpha_cf_pos[270],0.494,0.27,0.029,0.886,0.02,0.014,210.0,1042.0,1.01
alpha_cf_pos[271],0.586,0.246,0.117,0.994,0.01,0.007,978.0,1757.0,1.01
alpha_cf_pos[272],0.681,0.22,0.291,1.0,0.003,0.002,5264.0,5627.0,1.0
alpha_cf_pos[273],0.638,0.223,0.25,1.0,0.003,0.002,7453.0,5738.0,1.0
alpha_cf_pos[274],0.736,0.266,0.157,1.0,0.008,0.005,3210.0,1819.0,1.0
alpha_cf_pos[275],0.84,0.124,0.616,1.0,0.001,0.001,5593.0,3324.0,1.0
alpha_cf_pos[276],0.622,0.198,0.273,0.975,0.003,0.002,6198.0,5762.0,1.0
alpha_cf_pos[277],0.837,0.117,0.629,1.0,0.002,0.001,3494.0,3083.0,1.0
alpha_cf_pos[278],0.422,0.171,0.099,0.721,0.007,0.005,603.0,3295.0,1.0
alpha_cf_pos[279],0.434,0.193,0.091,0.801,0.005,0.003,1519.0,3718.0,1.0
alpha_cf_pos[280],0.766,0.206,0.371,1.0,0.003,0.002,4866.0,4672.0,1.0
alpha_cf_pos[281],0.418,0.174,0.09,0.73,0.007,0.005,633.0,2977.0,1.0
alpha_cf_pos[282],0.906,0.079,0.76,1.0,0.001,0.001,3812.0,4392.0,1.0
alpha_cf_pos[283],0.734,0.218,0.318,1.0,0.003,0.002,4808.0,4542.0,1.0
alpha_cf_pos[284],0.454,0.174,0.127,0.79,0.004,0.003,1590.0,2933.0,1.0
alpha_cf_pos[285],0.648,0.239,0.227,1.0,0.004,0.003,4772.0,3105.0,1.0
alpha_cf_pos[286],0.729,0.224,0.274,1.0,0.003,0.002,6518.0,4891.0,1.0
alpha_cf_pos[287],0.544,0.144,0.27,0.8,0.002,0.001,6039.0,6806.0,1.0
alpha_cf_pos[288],0.48,0.208,0.104,0.839,0.008,0.006,727.0,2885.0,1.0
alpha_cf_pos[289],0.603,0.236,0.221,1.0,0.006,0.004,2426.0,6032.0,1.0
alpha_cf_pos[290],0.545,0.267,0.091,0.965,0.013,0.009,517.0,1845.0,1.0
alpha_cf_pos[291],0.443,0.214,0.041,0.765,0.013,0.009,270.0,1626.0,1.01
alpha_cf_pos[292],0.511,0.3,0.001,0.911,0.022,0.016,238.0,1168.0,1.01
alpha_cf_pos[293],0.679,0.227,0.233,1.0,0.004,0.003,4814.0,1353.0,1.0
alpha_cf_pos[294],0.584,0.209,0.187,0.913,0.007,0.005,1170.0,2242.0,1.0
alpha_cf_pos[295],0.453,0.249,0.055,0.811,0.018,0.013,206.0,1680.0,1.01
alpha_cf_pos[296],0.71,0.252,0.223,1.0,0.005,0.003,3357.0,4932.0,1.0
alpha_cf_pos[297],0.588,0.255,0.102,1.0,0.008,0.005,1471.0,964.0,1.0
alpha_cf_pos[298],0.566,0.236,0.095,0.954,0.01,0.007,640.0,1293.0,1.0
alpha_cf_pos[299],0.397,0.21,0.03,0.757,0.011,0.008,338.0,1398.0,1.01
alpha_cf_pos[300],0.49,0.167,0.18,0.783,0.005,0.003,1248.0,4619.0,1.0
alpha_cf_pos[301],0.604,0.221,0.248,0.999,0.003,0.002,4624.0,5146.0,1.0
alpha_cf_pos[302],0.608,0.189,0.254,0.949,0.003,0.002,4152.0,3921.0,1.0
alpha_cf_pos[303],0.486,0.174,0.152,0.795,0.004,0.003,2044.0,2818.0,1.0
alpha_cf_pos[304],0.646,0.246,0.184,1.0,0.005,0.003,3254.0,2949.0,1.0
alpha_cf_pos[305],0.638,0.213,0.265,0.999,0.003,0.002,6599.0,5016.0,1.0
alpha_cf_pos_kappa,2.94,0.913,1.537,4.578,0.137,0.098,45.0,493.0,1.04
alpha_cf_pos_mean,0.592,0.054,0.494,0.68,0.008,0.005,54.0,414.0,1.04
alpha_pos[0],0.655,0.264,0.159,1.0,0.006,0.004,5094.0,4098.0,1.0
alpha_pos[1],0.645,0.215,0.274,1.0,0.003,0.002,4219.0,5722.0,1.0
alpha_pos[2],0.722,0.235,0.248,1.0,0.003,0.002,6461.0,4597.0,1.0
alpha_pos[3],0.267,0.19,0.0,0.584,0.017,0.012,138.0,1689.0,1.02
alpha_pos[4],0.539,0.14,0.281,0.797,0.002,0.001,5303.0,6355.0,1.0
alpha_pos[5],0.678,0.21,0.314,1.0,0.002,0.001,11619.0,5759.0,1.0
alpha_pos[6],0.511,0.186,0.185,0.871,0.003,0.002,3284.0,5458.0,1.0
alpha_pos[7],0.406,0.255,0.0,0.84,0.014,0.01,324.0,1567.0,1.01
alpha_pos[8],0.564,0.121,0.335,0.784,0.001,0.001,8209.0,7096.0,1.0
alpha_pos[9],0.571,0.195,0.191,0.922,0.004,0.003,3524.0,4017.0,1.0
alpha_pos[10],0.57,0.209,0.225,0.984,0.003,0.002,5663.0,4660.0,1.0
alpha_pos[11],0.546,0.185,0.215,0.903,0.002,0.002,5615.0,5667.0,1.0
alpha_pos[12],0.548,0.24,0.146,0.971,0.009,0.006,786.0,4108.0,1.0
alpha_pos[13],0.862,0.127,0.618,1.0,0.001,0.001,5633.0,4078.0,1.0
alpha_pos[14],0.509,0.265,0.059,0.953,0.011,0.008,673.0,1729.0,1.0
alpha_pos[15],0.674,0.244,0.247,1.0,0.004,0.003,5181.0,6063.0,1.0
alpha_pos[16],0.89,0.093,0.718,1.0,0.001,0.001,6009.0,3848.0,1.0
alpha_pos[17],0.659,0.227,0.261,1.0,0.003,0.002,7003.0,5139.0,1.0
alpha_pos[18],0.518,0.208,0.107,0.844,0.007,0.005,837.0,3208.0,1.0
alpha_pos[19],0.55,0.244,0.136,0.953,0.008,0.006,935.0,5158.0,1.0
alpha_pos[20],0.308,0.236,0.0,0.728,0.017,0.012,183.0,1562.0,1.01
alpha_pos[21],0.583,0.229,0.193,0.966,0.005,0.004,2172.0,5863.0,1.0
alpha_pos[22],0.805,0.143,0.546,1.0,0.002,0.001,7012.0,5004.0,1.0
alpha_pos[23],0.871,0.132,0.62,1.0,0.002,0.002,3206.0,4965.0,1.0
alpha_pos[24],0.493,0.3,0.026,0.925,0.02,0.014,287.0,1747.0,1.01
alpha_pos[25],0.574,0.15,0.29,0.855,0.002,0.001,7195.0,5161.0,1.0
alpha_pos[26],0.692,0.192,0.364,1.0,0.002,0.001,9634.0,5296.0,1.0
alpha_pos[27],0.421,0.198,0.044,0.734,0.012,0.008,313.0,1336.0,1.01
alpha_pos[28],0.697,0.22,0.281,1.0,0.003,0.002,6145.0,5435.0,1.0
alpha_pos[29],0.417,0.152,0.145,0.682,0.005,0.004,813.0,4852.0,1.0
alpha_pos[30],0.341,0.212,0.001,0.651,0.017,0.012,165.0,1432.0,1.01
alpha_pos[31],0.593,0.261,0.145,1.0,0.003,0.002,10150.0,5440.0,1.0
alpha_pos[32],0.827,0.139,0.574,1.0,0.001,0.001,8168.0,4729.0,1.0
alpha_pos[33],0.599,0.271,0.112,0.999,0.01,0.007,1113.0,1626.0,1.01
alpha_pos[34],0.693,0.177,0.403,1.0,0.002,0.001,7375.0,4529.0,1.0
alpha_pos[35],0.568,0.245,0.166,0.994,0.007,0.005,1379.0,4715.0,1.0
alpha_pos[36],0.825,0.126,0.6,1.0,0.001,0.001,7085.0,4552.0,1.0
alpha_pos[37],0.412,0.269,0.006,0.804,0.022,0.016,184.0,1625.0,1.01
alpha_pos[38],0.489,0.209,0.039,0.815,0.006,0.004,1490.0,2120.0,1.0
alpha_pos[39],0.729,0.227,0.278,1.0,0.003,0.002,6276.0,3930.0,1.0
alpha_pos[40],0.467,0.178,0.125,0.764,0.006,0.004,955.0,3740.0,1.0
alpha_pos[41],0.42,0.214,0.061,0.751,0.015,0.011,203.0,1795.0,1.01
alpha_pos[42],0.813,0.134,0.572,1.0,0.002,0.001,6330.0,5578.0,1.0
alpha_pos[43],0.585,0.232,0.149,0.994,0.009,0.006,812.0,1076.0,1.0
alpha_pos[44],0.362,0.198,0.056,0.671,0.014,0.01,220.0,2982.0,1.01
alpha_pos[45],0.817,0.177,0.464,1.0,0.002,0.002,6247.0,5037.0,1.0
alpha_pos[46],0.7,0.184,0.386,1.0,0.002,0.001,8772.0,5450.0,1.0
alpha_pos[47],0.729,0.194,0.387,1.0,0.002,0.002,6677.0,6220.0,1.0
alpha_pos[48],0.527,0.194,0.158,0.882,0.004,0.003,2670.0,4318.0,1.0
alpha_pos[49],0.432,0.207,0.072,0.828,0.006,0.004,1235.0,5015.0,1.0
alpha_pos[50],0.576,0.242,0.154,0.988,0.007,0.005,1702.0,2989.0,1.0
alpha_pos[51],0.499,0.183,0.153,0.807,0.006,0.005,871.0,5045.0,1.0
alpha_pos[52],0.489,0.178,0.145,0.804,0.005,0.004,1327.0,3081.0,1.0
alpha_pos[53],0.458,0.15,0.186,0.741,0.003,0.002,2089.0,4899.0,1.0
alpha_pos[54],0.542,0.196,0.182,0.894,0.005,0.004,1595.0,6172.0,1.0
alpha_pos[55],0.27,0.203,0.003,0.62,0.019,0.014,115.0,1781.0,1.02
alpha_pos[56],0.591,0.254,0.142,0.998,0.009,0.006,1084.0,1998.0,1.0
alpha_pos[57],0.633,0.172,0.332,0.957,0.002,0.001,8398.0,5819.0,1.0
alpha_pos[58],0.757,0.226,0.293,1.0,0.003,0.002,8868.0,4499.0,1.0
alpha_pos[59],0.569,0.306,0.092,0.999,0.016,0.011,505.0,2792.0,1.0
alpha_pos[60],0.624,0.295,0.057,1.0,0.01,0.007,1496.0,1496.0,1.0
alpha_pos[61],0.749,0.265,0.197,1.0,0.005,0.004,2697.0,3276.0,1.0
alpha_pos[62],0.482,0.194,0.129,0.842,0.006,0.004,1043.0,3625.0,1.0
alpha_pos[63],0.517,0.25,0.079,0.936,0.01,0.007,697.0,3240.0,1.0
alpha_pos[64],0.706,0.175,0.4,0.999,0.002,0.001,6882.0,4804.0,1.0
alpha_pos[65],0.435,0.238,0.012,0.813,0.015,0.011,260.0,1865.0,1.01
alpha_pos[66],0.504,0.164,0.205,0.809,0.003,0.002,2692.0,6277.0,1.0
alpha_pos[67],0.428,0.158,0.138,0.72,0.004,0.003,1480.0,4675.0,1.0
alpha_pos[68],0.751,0.193,0.398,1.0,0.002,0.001,7874.0,5061.0,1.0
alpha_pos[69],0.615,0.234,0.21,1.0,0.005,0.003,2998.0,2983.0,1.0
alpha_pos[70],0.626,0.249,0.196,1.0,0.006,0.004,2701.0,4502.0,1.0
alpha_pos[71],0.634,0.299,0.126,1.0,0.01,0.007,1293.0,3210.0,1.0
alpha_pos[72],0.442,0.224,0.021,0.8,0.014,0.01,272.0,1010.0,1.01
alpha_pos[73],0.768,0.162,0.48,1.0,0.002,0.001,7805.0,4606.0,1.0
alpha_pos[74],0.634,0.201,0.3,1.0,0.002,0.002,8112.0,3821.0,1.0
alpha_pos[75],0.7,0.254,0.224,1.0,0.004,0.003,5402.0,5455.0,1.0
alpha_pos[76],0.536,0.195,0.188,0.911,0.005,0.003,1909.0,3403.0,1.0
alpha_pos[77],0.774,0.209,0.349,1.0,0.003,0.002,5885.0,2498.0,1.0
alpha_pos[78],0.537,0.137,0.272,0.784,0.002,0.001,6315.0,5142.0,1.0
alpha_pos[79],0.615,0.315,0.014,0.975,0.018,0.013,688.0,1297.0,1.01
alpha_pos[80],0.573,0.262,0.12,0.996,0.009,0.007,978.0,1999.0,1.0
alpha_pos[81],0.698,0.161,0.43,0.994,0.001,0.001,10274.0,5482.0,1.0
alpha_pos[82],0.774,0.185,0.42,1.0,0.002,0.001,7342.0,5876.0,1.0
alpha_pos[83],0.286,0.258,0.0,0.713,0.031,0.022,80.0,1128.0,1.03
alpha_pos[84],0.591,0.226,0.157,0.949,0.007,0.005,1195.0,2812.0,1.0
alpha_pos[85],0.51,0.191,0.134,0.843,0.007,0.005,795.0,2344.0,1.0
alpha_pos[86],0.65,0.259,0.172,1.0,0.004,0.003,4782.0,4358.0,1.0
alpha_pos[87],0.633,0.219,0.261,1.0,0.004,0.003,3052.0,5378.0,1.0
alpha_pos[88],0.689,0.243,0.237,1.0,0.003,0.002,6363.0,5782.0,1.0
alpha_pos[89],0.508,0.253,0.053,0.88,0.012,0.008,512.0,1994.0,1.01
alpha_pos[90],0.507,0.26,0.096,0.985,0.011,0.008,549.0,2831.0,1.0
alpha_pos[91],0.496,0.201,0.129,0.876,0.005,0.004,1396.0,4205.0,1.0
alpha_pos[92],0.716,0.188,0.38,1.0,0.002,0.001,7967.0,5142.0,1.0
alpha_pos[93],0.617,0.18,0.307,0.957,0.002,0.002,6479.0,5234.0,1.0
alpha_pos[94],0.607,0.209,0.27,1.0,0.002,0.001,9612.0,5482.0,1.0
alpha_pos[95],0.872,0.108,0.673,1.0,0.001,0.001,6454.0,4318.0,1.0
alpha_pos[96],0.455,0.18,0.126,0.791,0.005,0.004,1107.0,3702.0,1.0
alpha_pos[97],0.557,0.386,0.0,0.968,0.039,0.028,150.0,1310.0,1.01
alpha_pos[98],0.652,0.256,0.217,1.0,0.005,0.003,3733.0,5728.0,1.0
alpha_pos[99],0.323,0.221,0.0,0.665,0.02,0.014,134.0,2133.0,1.01
alpha_pos[100],0.415,0.148,0.146,0.691,0.004,0.003,1220.0,4751.0,1.0
alpha_pos[101],0.568,0.256,0.007,0.91,0.01,0.007,833.0,709.0,1.0
alpha_pos[102],0.44,0.188,0.074,0.76,0.007,0.005,735.0,2514.0,1.0
alpha_pos[103],0.622,0.239,0.214,1.0,0.005,0.003,6399.0,4658.0,1.0
alpha_pos[104],0.673,0.216,0.299,1.0,0.003,0.002,4847.0,3971.0,1.0
alpha_pos[105],0.723,0.254,0.236,1.0,0.004,0.003,4332.0,5724.0,1.0
alpha_pos[106],0.808,0.16,0.503,1.0,0.002,0.001,5360.0,4056.0,1.0
alpha_pos[107],0.583,0.264,0.128,1.0,0.006,0.004,2695.0,2588.0,1.0
alpha_pos[108],0.669,0.231,0.254,1.0,0.002,0.001,12414.0,4857.0,1.0
alpha_pos[109],0.409,0.184,0.065,0.697,0.009,0.006,466.0,2170.0,1.01
alpha_pos[110],0.77,0.172,0.453,1.0,0.002,0.001,9637.0,4332.0,1.0
alpha_pos[111],0.536,0.187,0.19,0.889,0.004,0.003,2574.0,3227.0,1.0
alpha_pos[112],0.627,0.25,0.194,1.0,0.006,0.004,2754.0,2398.0,1.0
alpha_pos[113],0.741,0.183,0.418,1.0,0.002,0.002,6730.0,5659.0,1.0
alpha_pos[114],0.759,0.186,0.41,1.0,0.002,0.001,10256.0,4661.0,1.0
alpha_pos[115],0.719,0.161,0.454,1.0,0.002,0.001,7342.0,3831.0,1.0
alpha_pos[116],0.719,0.213,0.323,1.0,0.002,0.002,8951.0,5411.0,1.0
alpha_pos[117],0.368,0.177,0.034,0.657,0.009,0.006,388.0,1865.0,1.01
alpha_pos[118],0.619,0.199,0.278,0.979,0.003,0.002,5416.0,6143.0,1.0
alpha_pos[119],0.702,0.23,0.281,1.0,0.003,0.002,5700.0,5691.0,1.0
alpha_pos[120],0.695,0.233,0.265,1.0,0.003,0.002,5373.0,4942.0,1.0
alpha_pos[121],0.785,0.156,0.509,1.0,0.002,0.001,7670.0,4603.0,1.0
alpha_pos[122],0.401,0.196,0.074,0.765,0.009,0.006,463.0,3956.0,1.0
alpha_pos[123],0.574,0.187,0.224,0.895,0.004,0.003,2201.0,3045.0,1.0
alpha_pos[124],0.57,0.213,0.171,0.934,0.006,0.004,1352.0,2621.0,1.0
alpha_pos[125],0.655,0.198,0.332,1.0,0.002,0.002,8181.0,5173.0,1.0
alpha_pos[126],0.309,0.186,0.006,0.624,0.012,0.009,228.0,1916.0,1.01
alpha_pos[127],0.496,0.204,0.132,0.877,0.007,0.005,830.0,4907.0,1.01
alpha_pos[128],0.37,0.186,0.032,0.687,0.011,0.008,290.0,2583.0,1.01
alpha_pos[129],0.407,0.157,0.102,0.674,0.005,0.004,892.0,3656.0,1.0
alpha_pos[130],0.403,0.148,0.133,0.68,0.005,0.003,1051.0,2879.0,1.0
alpha_pos[131],0.463,0.241,0.033,0.851,0.014,0.01,307.0,1647.0,1.01
alpha_pos[132],0.65,0.254,0.157,1.0,0.007,0.005,1753.0,992.0,1.0
alpha_pos[133],0.629,0.181,0.309,0.964,0.002,0.002,6633.0,4549.0,1.0
alpha_pos[134],0.548,0.239,0.121,0.932,0.009,0.006,924.0,4160.0,1.0
alpha_pos[135],0.802,0.137,0.561,1.0,0.001,0.001,6966.0,4367.0,1.0
alpha_pos[136],0.691,0.213,0.315,1.0,0.002,0.001,10703.0,5684.0,1.0
alpha_pos[137],0.816,0.135,0.574,1.0,0.001,0.001,8820.0,5123.0,1.0
alpha_pos[138],0.602,0.254,0.161,1.0,0.005,0.004,3820.0,3395.0,1.0
alpha_pos[139],0.657,0.228,0.253,1.0,0.003,0.002,5827.0,5268.0,1.0
alpha_pos[140],0.814,0.148,0.543,1.0,0.001,0.001,6930.0,3610.0,1.0
alpha_pos[141],0.571,0.152,0.273,0.839,0.002,0.002,4312.0,6384.0,1.0
alpha_pos[142],0.725,0.175,0.421,1.0,0.002,0.002,5340.0,3733.0,1.0
alpha_pos[143],0.588,0.2,0.228,0.944,0.005,0.003,2055.0,4561.0,1.0
alpha_pos[144],0.666,0.202,0.328,1.0,0.003,0.002,6689.0,6577.0,1.0
alpha_pos[145],0.68,0.191,0.362,0.999,0.002,0.001,9085.0,6103.0,1.0
alpha_pos[146],0.36,0.169,0.083,0.685,0.006,0.004,658.0,1840.0,1.0
alpha_pos[147],0.385,0.211,0.042,0.749,0.013,0.009,254.0,1684.0,1.01
alpha_pos[148],0.357,0.238,0.0,0.78,0.015,0.011,232.0,1658.0,1.01
alpha_pos[149],0.713,0.181,0.404,1.0,0.002,0.001,7499.0,4068.0,1.0
alpha_pos[150],0.478,0.17,0.155,0.778,0.004,0.003,1542.0,4015.0,1.0
alpha_pos[151],0.539,0.145,0.263,0.798,0.002,0.001,7372.0,7280.0,1.0
alpha_pos[152],0.529,0.206,0.171,0.926,0.004,0.002,3485.0,4704.0,1.0
alpha_pos[153],0.643,0.201,0.308,1.0,0.003,0.002,6694.0,4878.0,1.0
alpha_pos[154],0.451,0.238,0.017,0.849,0.012,0.009,383.0,2911.0,1.0
alpha_pos[155],0.524,0.204,0.159,0.889,0.007,0.005,931.0,2955.0,1.0
alpha_pos[156],0.594,0.193,0.218,0.922,0.003,0.002,3821.0,4289.0,1.0
alpha_pos[157],0.52,0.165,0.189,0.805,0.004,0.003,1920.0,4272.0,1.0
alpha_pos[158],0.727,0.304,0.117,1.0,0.007,0.005,2457.0,2911.0,1.0
alpha_pos[159],0.533,0.229,0.095,0.898,0.008,0.006,1015.0,3637.0,1.0
alpha_pos[160],0.542,0.22,0.156,0.945,0.007,0.005,1066.0,3331.0,1.0
alpha_pos[161],0.555,0.286,0.085,0.968,0.014,0.01,510.0,2907.0,1.0
alpha_pos[162],0.594,0.325,0.054,0.995,0.018,0.012,459.0,1571.0,1.0
alpha_pos[163],0.383,0.254,0.0,0.792,0.02,0.015,157.0,1724.0,1.01
alpha_pos[164],0.508,0.246,0.107,0.956,0.01,0.007,739.0,2395.0,1.0
alpha_pos[165],0.736,0.239,0.29,1.0,0.003,0.002,4900.0,5560.0,1.0
alpha_pos[166],0.736,0.295,0.034,1.0,0.012,0.009,1108.0,824.0,1.0
alpha_pos[167],0.533,0.167,0.2,0.815,0.003,0.002,3878.0,5610.0,1.0
alpha_pos[168],0.661,0.221,0.281,1.0,0.003,0.002,4975.0,5231.0,1.0
alpha_pos[169],0.63,0.23,0.21,1.0,0.004,0.003,3375.0,3028.0,1.0
alpha_pos[170],0.612,0.23,0.229,1.0,0.005,0.003,2886.0,5883.0,1.0
alpha_pos[171],0.596,0.249,0.14,1.0,0.008,0.006,1186.0,1440.0,1.0
alpha_pos[172],0.673,0.17,0.396,0.996,0.002,0.001,7983.0,4584.0,1.0
alpha_pos[173],0.778,0.235,0.205,1.0,0.006,0.004,2499.0,1111.0,1.0
alpha_pos[174],0.646,0.203,0.303,1.0,0.002,0.001,9459.0,4429.0,1.0
alpha_pos[175],0.594,0.187,0.244,0.918,0.003,0.002,4077.0,5502.0,1.0
alpha_pos[176],0.306,0.258,0.0,0.705,0.03,0.021,85.0,1373.0,1.02
alpha_pos[177],0.412,0.155,0.128,0.705,0.004,0.003,1353.0,4312.0,1.0
alpha_pos[178],0.43,0.187,0.056,0.739,0.008,0.006,547.0,1728.0,1.0
alpha_pos[179],0.524,0.25,0.12,0.981,0.007,0.005,1181.0,2861.0,1.0
alpha_pos[180],0.461,0.299,0.0,0.898,0.022,0.016,227.0,1990.0,1.01
alpha_pos[181],0.594,0.196,0.245,0.936,0.003,0.002,3876.0,5664.0,1.0
alpha_pos[182],0.475,0.178,0.14,0.787,0.005,0.004,1144.0,5669.0,1.0
alpha_pos[183],0.559,0.182,0.208,0.879,0.003,0.002,3369.0,4589.0,1.0
alpha_pos[184],0.275,0.233,0.0,0.654,0.024,0.017,101.0,1475.0,1.02
alpha_pos[185],0.498,0.301,0.022,0.944,0.016,0.011,464.0,2213.0,1.01
alpha_pos[186],0.546,0.265,0.064,0.949,0.012,0.008,691.0,2521.0,1.0
alpha_pos[187],0.686,0.18,0.386,1.0,0.002,0.001,7925.0,4916.0,1.0
alpha_pos[188],0.514,0.247,0.067,0.931,0.01,0.007,713.0,4047.0,1.0
alpha_pos[189],0.45,0.133,0.193,0.689,0.002,0.002,3410.0,7201.0,1.0
alpha_pos[190],0.655,0.218,0.271,1.0,0.002,0.002,8479.0,5511.0,1.0
alpha_pos[191],0.789,0.166,0.484,1.0,0.002,0.001,7346.0,4858.0,1.0
alpha_pos[192],0.447,0.24,0.016,0.788,0.016,0.012,238.0,1041.0,1.01
alpha_pos[193],0.647,0.276,0.149,1.0,0.007,0.005,1875.0,3986.0,1.0
alpha_pos[194],0.702,0.207,0.332,1.0,0.002,0.001,10051.0,5578.0,1.0
alpha_pos[195],0.487,0.351,0.018,0.965,0.031,0.022,175.0,1902.0,1.01
alpha_pos[196],0.681,0.239,0.264,1.0,0.003,0.002,5287.0,5606.0,1.0
alpha_pos[197],0.598,0.169,0.274,0.889,0.003,0.002,4194.0,4489.0,1.0
alpha_pos[198],0.793,0.164,0.49,1.0,0.002,0.001,6885.0,5024.0,1.0
alpha_pos[199],0.706,0.269,0.192,1.0,0.005,0.004,2844.0,3093.0,1.0
alpha_pos[200],0.449,0.198,0.105,0.825,0.008,0.005,655.0,3625.0,1.0
alpha_pos[201],0.641,0.244,0.214,1.0,0.005,0.004,3267.0,5627.0,1.0
alpha_pos[202],0.559,0.221,0.161,0.957,0.006,0.004,1844.0,2431.0,1.0
alpha_pos[203],0.467,0.302,0.0,0.888,0.022,0.016,302.0,913.0,1.01
alpha_pos[204],0.767,0.164,0.478,1.0,0.002,0.001,6380.0,4666.0,1.0
alpha_pos[205],0.468,0.225,0.08,0.894,0.009,0.006,582.0,2698.0,1.0
alpha_pos[206],0.54,0.182,0.197,0.877,0.004,0.003,2021.0,5032.0,1.0
alpha_pos[207],0.713,0.198,0.353,1.0,0.002,0.002,7375.0,5669.0,1.0
alpha_pos[208],0.364,0.223,0.0,0.758,0.013,0.009,292.0,1994.0,1.01
alpha_pos[209],0.355,0.224,0.002,0.722,0.018,0.013,160.0,1618.0,1.01
alpha_pos[210],0.443,0.295,0.003,0.872,0.026,0.018,161.0,1967.0,1.01
alpha_pos[211],0.565,0.276,0.046,0.958,0.013,0.009,617.0,1463.0,1.01
alpha_pos[212],0.504,0.398,0.0,0.961,0.045,0.032,113.0,883.0,1.02
alpha_pos[213],0.619,0.184,0.287,0.947,0.002,0.002,6455.0,4683.0,1.0
alpha_pos[214],0.468,0.253,0.089,0.95,0.01,0.007,633.0,2941.0,1.0
alpha_pos[215],0.429,0.314,0.0,0.886,0.028,0.02,148.0,1240.0,1.01
alpha_pos[216],0.609,0.219,0.228,0.994,0.004,0.003,4593.0,3948.0,1.0
alpha_pos[217],0.463,0.333,0.0,0.914,0.026,0.018,208.0,1097.0,1.01
alpha_pos[218],0.883,0.126,0.658,1.0,0.002,0.001,3550.0,4273.0,1.0
alpha_pos[219],0.588,0.159,0.279,0.857,0.002,0.002,6007.0,6713.0,1.0
alpha_pos[220],0.722,0.192,0.381,1.0,0.002,0.001,9518.0,5712.0,1.0
alpha_pos[221],0.483,0.137,0.228,0.739,0.002,0.001,6021.0,5825.0,1.0
alpha_pos[222],0.486,0.2,0.122,0.844,0.008,0.006,578.0,2158.0,1.0
alpha_pos[223],0.431,0.213,0.02,0.79,0.009,0.006,566.0,3175.0,1.0
alpha_pos[224],0.657,0.18,0.355,0.989,0.002,0.001,7954.0,4473.0,1.0
alpha_pos[225],0.39,0.239,0.048,0.763,0.02,0.014,159.0,2685.0,1.01
alpha_pos[226],0.795,0.143,0.543,1.0,0.001,0.001,7936.0,4288.0,1.0
alpha_pos[227],0.692,0.226,0.289,1.0,0.003,0.002,6270.0,5289.0,1.0
alpha_pos[228],0.515,0.199,0.147,0.845,0.007,0.005,908.0,3454.0,1.0
alpha_pos[229],0.436,0.192,0.069,0.767,0.01,0.007,377.0,1471.0,1.0
alpha_pos[230],0.489,0.353,0.001,0.946,0.03,0.021,180.0,1482.0,1.01
alpha_pos[231],0.521,0.26,0.013,0.904,0.009,0.007,945.0,1946.0,1.0
alpha_pos[232],0.357,0.227,0.016,0.758,0.013,0.01,260.0,1942.0,1.01
alpha_pos[233],0.739,0.166,0.456,1.0,0.002,0.001,9148.0,4959.0,1.0
alpha_pos[234],0.643,0.251,0.173,1.0,0.007,0.005,1616.0,1832.0,1.0
alpha_pos[235],0.331,0.253,0.0,0.738,0.022,0.016,148.0,1948.0,1.01
alpha_pos[236],0.81,0.137,0.565,1.0,0.001,0.001,7390.0,3937.0,1.0
alpha_pos[237],0.545,0.186,0.176,0.86,0.004,0.003,2059.0,3600.0,1.0
alpha_pos[238],0.528,0.191,0.179,0.882,0.004,0.003,2071.0,4586.0,1.0
alpha_pos[239],0.645,0.202,0.302,1.0,0.002,0.001,12269.0,5121.0,1.0
alpha_pos[240],0.558,0.179,0.202,0.865,0.004,0.003,2580.0,5981.0,1.0
alpha_pos[241],0.829,0.129,0.599,1.0,0.001,0.001,7562.0,4976.0,1.0
alpha_pos[242],0.813,0.151,0.533,1.0,0.002,0.001,4801.0,4905.0,1.0
alpha_pos[243],0.846,0.125,0.616,1.0,0.001,0.001,6612.0,3814.0,1.0
alpha_pos[244],0.848,0.155,0.582,1.0,0.003,0.002,4914.0,2720.0,1.0
alpha_pos[245],0.858,0.107,0.666,1.0,0.001,0.001,6273.0,4733.0,1.0
alpha_pos[246],0.598,0.175,0.277,0.9,0.003,0.002,3102.0,6520.0,1.0
alpha_pos[247],0.337,0.225,0.0,0.692,0.017,0.012,175.0,1095.0,1.01
alpha_pos[248],0.286,0.207,0.0,0.598,0.023,0.016,89.0,1461.0,1.02
alpha_pos[249],0.534,0.247,0.079,0.9,0.014,0.01,377.0,3060.0,1.01
alpha_pos[250],0.442,0.29,0.0,0.909,0.015,0.011,344.0,1314.0,1.0
alpha_pos[251],0.689,0.155,0.423,0.982,0.002,0.001,8668.0,5395.0,1.0
alpha_pos[252],0.29,0.201,0.0,0.601,0.02,0.014,111.0,1869.0,1.02
alpha_pos[253],0.535,0.281,0.055,0.951,0.015,0.011,408.0,1464.0,1.01
alpha_pos[254],0.743,0.208,0.349,1.0,0.002,0.002,8156.0,5137.0,1.0
alpha_pos[255],0.564,0.201,0.2,0.931,0.003,0.002,4934.0,3667.0,1.0
alpha_pos[256],0.433,0.313,0.0,0.853,0.033,0.023,111.0,1310.0,1.02
alpha_pos[257],0.652,0.184,0.306,0.96,0.002,0.002,5871.0,5613.0,1.0
alpha_pos[258],0.481,0.202,0.102,0.82,0.006,0.005,1085.0,4594.0,1.0
alpha_pos[259],0.657,0.189,0.343,1.0,0.002,0.002,7087.0,4636.0,1.0
alpha_pos[260],0.651,0.236,0.223,1.0,0.005,0.004,2598.0,2783.0,1.0
alpha_pos[261],0.538,0.13,0.296,0.779,0.002,0.001,7307.0,6397.0,1.0
alpha_pos[262],0.641,0.208,0.255,0.998,0.004,0.003,5100.0,4924.0,1.0
alpha_pos[263],0.545,0.318,0.041,1.0,0.018,0.013,375.0,1361.0,1.01
alpha_pos[264],0.66,0.221,0.296,1.0,0.003,0.002,4814.0,5014.0,1.0
alpha_pos[265],0.68,0.199,0.337,1.0,0.002,0.001,8064.0,4715.0,1.0
alpha_pos[266],0.682,0.21,0.323,1.0,0.003,0.002,5952.0,5010.0,1.0
alpha_pos[267],0.636,0.229,0.233,1.0,0.003,0.002,9615.0,4082.0,1.0
alpha_pos[268],0.643,0.276,0.162,1.0,0.007,0.005,2015.0,3503.0,1.0
alpha_pos[269],0.721,0.213,0.339,1.0,0.003,0.002,5831.0,4571.0,1.0
alpha_pos[270],0.481,0.274,0.037,0.896,0.019,0.014,224.0,2427.0,1.01
alpha_pos[271],0.575,0.255,0.081,0.978,0.007,0.005,1797.0,2102.0,1.0
alpha_pos[272],0.681,0.218,0.295,1.0,0.003,0.002,6344.0,5630.0,1.0
alpha_pos[273],0.636,0.23,0.231,1.0,0.003,0.002,7816.0,5367.0,1.0
alpha_pos[274],0.723,0.275,0.146,1.0,0.008,0.006,2708.0,2477.0,1.0
alpha_pos[275],0.841,0.127,0.61,1.0,0.001,0.001,5843.0,3820.0,1.0
alpha_pos[276],0.62,0.201,0.263,0.979,0.003,0.002,5127.0,4991.0,1.0
alpha_pos[277],0.84,0.116,0.631,1.0,0.001,0.001,6139.0,3614.0,1.0
alpha_pos[278],0.417,0.173,0.088,0.708,0.007,0.005,634.0,2459.0,1.0
alpha_pos[279],0.43,0.197,0.096,0.816,0.004,0.003,1993.0,4942.0,1.0
alpha_pos[280],0.765,0.211,0.352,1.0,0.003,0.002,4466.0,4666.0,1.0
alpha_pos[281],0.409,0.182,0.086,0.758,0.007,0.005,657.0,1428.0,1.0
alpha_pos[282],0.907,0.077,0.763,1.0,0.001,0.001,5572.0,3953.0,1.0
alpha_pos[283],0.732,0.221,0.312,1.0,0.003,0.002,6755.0,5610.0,1.0
alpha_pos[284],0.445,0.175,0.111,0.775,0.005,0.004,1130.0,3655.0,1.0
alpha_pos[285],0.647,0.242,0.22,1.0,0.004,0.003,6362.0,4673.0,1.0
alpha_pos[286],0.721,0.234,0.247,1.0,0.003,0.002,5494.0,3922.0,1.0
alpha_pos[287],0.54,0.15,0.253,0.816,0.002,0.001,8273.0,5955.0,1.0
alpha_pos[288],0.467,0.206,0.102,0.828,0.008,0.006,668.0,3474.0,1.0
alpha_pos[289],0.594,0.242,0.211,1.0,0.006,0.004,1894.0,5468.0,1.0
alpha_pos[290],0.515,0.269,0.087,0.959,0.013,0.009,525.0,2852.0,1.0
alpha_pos[291],0.432,0.218,0.031,0.762,0.013,0.009,300.0,2303.0,1.01
alpha_pos[292],0.476,0.306,0.0,0.912,0.022,0.016,235.0,1555.0,1.01
alpha_pos[293],0.674,0.238,0.197,1.0,0.006,0.004,2601.0,1096.0,1.0
alpha_pos[294],0.58,0.209,0.182,0.903,0.006,0.005,1182.0,5447.0,1.0
alpha_pos[295],0.431,0.251,0.047,0.801,0.018,0.012,232.0,3281.0,1.01
alpha_pos[296],0.706,0.254,0.223,1.0,0.004,0.003,3609.0,4488.0,1.0
alpha_pos[297],0.575,0.264,0.076,1.0,0.009,0.007,1130.0,1200.0,1.0
alpha_pos[298],0.55,0.243,0.063,0.934,0.01,0.007,697.0,1500.0,1.0
alpha_pos[299],0.385,0.212,0.03,0.762,0.011,0.008,382.0,2443.0,1.01
alpha_pos[300],0.483,0.167,0.176,0.781,0.004,0.003,1441.0,7106.0,1.0
alpha_pos[301],0.597,0.22,0.239,0.994,0.004,0.003,2942.0,6224.0,1.0
alpha_pos[302],0.605,0.191,0.241,0.948,0.003,0.002,5653.0,4320.0,1.0
alpha_pos[303],0.479,0.171,0.143,0.778,0.005,0.003,1451.0,3700.0,1.0
alpha_pos[304],0.636,0.254,0.171,1.0,0.005,0.003,4504.0,2997.0,1.0
alpha_pos[305],0.635,0.218,0.257,1.0,0.003,0.002,6573.0,4589.0,1.0
alpha_pos_kappa,2.796,0.887,1.439,4.393,0.129,0.092,51.0,524.0,1.04
alpha_pos_mean,0.584,0.055,0.487,0.677,0.008,0.005,56.0,684.0,1.03
beta_ch[0],0.026,0.031,0.0,0.084,0.0,0.0,3637.0,4012.0,1.0
beta_ch[1],0.025,0.023,0.0,0.066,0.0,0.0,4119.0,3277.0,1.0
beta_ch[2],0.159,0.07,0.047,0.296,0.001,0.001,5493.0,5451.0,1.0
beta_ch[3],0.056,0.049,0.0,0.143,0.001,0.0,3811.0,3282.0,1.0
beta_ch[4],0.301,0.095,0.134,0.489,0.001,0.001,9158.0,7059.0,1.0
beta_ch[5],0.002,0.003,0.0,0.008,0.0,0.0,6028.0,4812.0,1.0
beta_ch[6],0.027,0.03,0.0,0.083,0.0,0.0,3347.0,3364.0,1.0
beta_ch[7],0.007,0.009,0.0,0.023,0.0,0.0,3950.0,4427.0,1.0
beta_ch[8],0.32,0.091,0.16,0.495,0.001,0.001,8483.0,7283.0,1.0
beta_ch[9],0.286,0.107,0.107,0.492,0.001,0.001,6588.0,6376.0,1.0
beta_ch[10],0.002,0.004,0.0,0.009,0.0,0.0,6212.0,3522.0,1.0
beta_ch[11],0.068,0.02,0.03,0.104,0.0,0.0,13364.0,6079.0,1.0
beta_ch[12],0.01,0.013,0.0,0.035,0.0,0.0,4444.0,4274.0,1.0
beta_ch[13],0.06,0.063,0.0,0.175,0.001,0.001,3484.0,3425.0,1.0
beta_ch[14],0.006,0.008,0.0,0.022,0.0,0.0,5143.0,4791.0,1.0
beta_ch[15],0.011,0.013,0.0,0.037,0.0,0.0,5145.0,4001.0,1.0
beta_ch[16],0.002,0.003,0.0,0.007,0.0,0.0,6789.0,4196.0,1.0
beta_ch[17],0.008,0.01,0.0,0.028,0.0,0.0,4567.0,3843.0,1.0
beta_ch[18],0.279,0.099,0.108,0.469,0.001,0.001,9342.0,6742.0,1.0
beta_ch[19],0.03,0.033,0.0,0.092,0.0,0.0,4529.0,3360.0,1.0
beta_ch[20],0.139,0.059,0.038,0.256,0.001,0.001,4473.0,3568.0,1.0
beta_ch[21],0.024,0.029,0.0,0.078,0.0,0.0,5121.0,3872.0,1.0
beta_ch[22],0.011,0.014,0.0,0.037,0.0,0.0,5484.0,4579.0,1.0
beta_ch[23],0.08,0.069,0.0,0.202,0.001,0.001,3618.0,3252.0,1.0
beta_ch[24],0.031,0.035,0.0,0.098,0.001,0.0,2991.0,4688.0,1.0
beta_ch[25],0.122,0.033,0.064,0.186,0.0,0.0,10444.0,7366.0,1.0
beta_ch[26],0.006,0.008,0.0,0.022,0.0,0.0,5332.0,5267.0,1.0
beta_ch[27],0.072,0.039,0.0,0.134,0.001,0.0,2288.0,1159.0,1.0
beta_ch[28],0.074,0.069,0.0,0.199,0.001,0.001,4142.0,3974.0,1.0
beta_ch[29],0.086,0.059,0.0,0.186,0.001,0.001,4955.0,2953.0,1.0
beta_ch[30],0.087,0.059,0.0,0.184,0.001,0.001,2689.0,2190.0,1.0
beta_ch[31],0.001,0.002,0.0,0.004,0.0,0.0,6032.0,3883.0,1.0
beta_ch[32],0.001,0.002,0.0,0.005,0.0,0.0,7122.0,3690.0,1.0
beta_ch[33],0.153,0.072,0.021,0.289,0.001,0.001,3748.0,2249.0,1.0
beta_ch[34],0.008,0.01,0.0,0.028,0.0,0.0,4612.0,3565.0,1.0
beta_ch[35],0.02,0.022,0.0,0.06,0.0,0.0,4215.0,3807.0,1.0
beta_ch[36],0.007,0.01,0.0,0.026,0.0,0.0,5843.0,3335.0,1.0
beta_ch[37],0.092,0.063,0.0,0.195,0.001,0.001,2072.0,964.0,1.0
beta_ch[38],0.245,0.11,0.058,0.456,0.001,0.001,5034.0,5496.0,1.0
beta_ch[39],0.046,0.026,0.0,0.087,0.0,0.0,3502.0,1787.0,1.0
beta_ch[40],0.064,0.046,0.0,0.142,0.001,0.0,4267.0,3553.0,1.0
beta_ch[41],0.05,0.054,0.0,0.148,0.001,0.0,4249.0,3958.0,1.0
beta_ch[42],0.022,0.027,0.0,0.073,0.0,0.0,4264.0,3127.0,1.0
beta_ch[43],0.084,0.046,0.0,0.159,0.001,0.001,2071.0,1108.0,1.0
beta_ch[44],0.073,0.048,0.0,0.152,0.001,0.0,3846.0,1825.0,1.0
beta_ch[45],0.044,0.036,0.0,0.106,0.0,0.0,4160.0,4196.0,1.0
beta_ch[46],0.033,0.021,0.0,0.067,0.0,0.0,1661.0,743.0,1.0
beta_ch[47],0.012,0.015,0.0,0.042,0.0,0.0,5576.0,3983.0,1.0
beta_ch[48],0.049,0.027,0.0,0.092,0.0,0.0,3568.0,2093.0,1.0
beta_ch[49],0.011,0.012,0.0,0.033,0.0,0.0,3742.0,3418.0,1.0
beta_ch[50],0.02,0.019,0.0,0.054,0.0,0.0,3697.0,3767.0,1.0
beta_ch[51],0.055,0.06,0.0,0.167,0.001,0.001,4137.0,4336.0,1.0
beta_ch[52],0.175,0.079,0.039,0.326,0.001,0.001,6995.0,3902.0,1.0
beta_ch[53],0.145,0.06,0.038,0.262,0.001,0.0,7146.0,4081.0,1.0
beta_ch[54],0.025,0.023,0.0,0.066,0.0,0.0,3911.0,3302.0,1.0
beta_ch[55],0.028,0.033,0.0,0.089,0.0,0.0,3870.0,4566.0,1.0
beta_ch[56],0.131,0.079,0.0,0.265,0.001,0.001,3936.0,1647.0,1.0
beta_ch[57],0.005,0.007,0.0,0.019,0.0,0.0,5944.0,3857.0,1.0
beta_ch[58],0.007,0.009,0.0,0.025,0.0,0.0,4526.0,4234.0,1.0
beta_ch[59],0.037,0.032,0.0,0.092,0.0,0.0,3649.0,2947.0,1.0
beta_ch[60],0.073,0.022,0.031,0.113,0.0,0.0,5385.0,3202.0,1.0
beta_ch[61],0.082,0.073,0.0,0.21,0.001,0.001,3068.0,3100.0,1.0
beta_ch[62],0.039,0.03,0.0,0.09,0.0,0.0,2896.0,2765.0,1.0
beta_ch[63],0.013,0.014,0.0,0.039,0.0,0.0,3208.0,2662.0,1.0
beta_ch[64],0.195,0.086,0.056,0.354,0.001,0.001,6541.0,5482.0,1.0
beta_ch[65],0.069,0.058,0.0,0.166,0.001,0.001,3082.0,2212.0,1.0
beta_ch[66],0.064,0.045,0.0,0.139,0.001,0.0,3928.0,2364.0,1.0
beta_ch[67],0.079,0.037,0.0,0.139,0.001,0.0,3590.0,1497.0,1.0
beta_ch[68],0.007,0.009,0.0,0.025,0.0,0.0,4660.0,4128.0,1.0
beta_ch[69],0.179,0.078,0.048,0.329,0.001,0.001,7660.0,5532.0,1.0
beta_ch[70],0.024,0.026,0.0,0.072,0.0,0.0,4236.0,4015.0,1.0
beta_ch[71],0.053,0.04,0.0,0.12,0.001,0.0,4353.0,3328.0,1.0
beta_ch[72],0.07,0.035,0.0,0.124,0.001,0.0,3122.0,1736.0,1.0
beta_ch[73],0.007,0.009,0.0,0.026,0.0,0.0,4854.0,3761.0,1.0
beta_ch[74],0.007,0.01,0.0,0.026,0.0,0.0,4929.0,4283.0,1.0
beta_ch[75],0.012,0.014,0.0,0.039,0.0,0.0,4298.0,4342.0,1.0
beta_ch[76],0.07,0.045,0.0,0.143,0.001,0.0,2875.0,1588.0,1.0
beta_ch[77],0.068,0.024,0.02,0.115,0.0,0.0,4573.0,2491.0,1.0
beta_ch[78],0.29,0.097,0.114,0.469,0.001,0.001,9639.0,7187.0,1.0
beta_ch[79],0.08,0.074,0.0,0.21,0.002,0.001,1478.0,3134.0,1.0
beta_ch[80],0.049,0.029,0.0,0.094,0.0,0.0,3000.0,1448.0,1.0
beta_ch[81],0.005,0.008,0.0,0.02,0.0,0.0,5862.0,4100.0,1.0
beta_ch[82],0.008,0.011,0.0,0.029,0.0,0.0,5338.0,4367.0,1.0
beta_ch[83],0.019,0.019,0.0,0.055,0.0,0.0,3060.0,3958.0,1.0
beta_ch[84],0.072,0.046,0.0,0.148,0.001,0.0,3580.0,1975.0,1.0
beta_ch[85],0.097,0.073,0.0,0.225,0.001,0.001,3580.0,3183.0,1.0
beta_ch[86],0.041,0.025,0.0,0.08,0.0,0.0,4142.0,2745.0,1.0
beta_ch[87],0.102,0.029,0.051,0.159,0.0,0.0,10759.0,5921.0,1.0
beta_ch[88],0.008,0.01,0.0,0.029,0.0,0.0,4586.0,4826.0,1.0
beta_ch[89],0.08,0.068,0.0,0.195,0.001,0.001,3358.0,2073.0,1.0
beta_ch[90],0.021,0.015,0.0,0.046,0.0,0.0,3695.0,3003.0,1.0
beta_ch[91],0.004,0.005,0.0,0.014,0.0,0.0,4965.0,3832.0,1.0
beta_ch[92],0.05,0.037,0.0,0.112,0.0,0.0,3540.0,1961.0,1.0
beta_ch[93],0.017,0.023,0.0,0.063,0.0,0.0,5430.0,4358.0,1.0
beta_ch[94],0.002,0.003,0.0,0.006,0.0,0.0,6350.0,3828.0,1.0
beta_ch[95],0.004,0.006,0.0,0.015,0.0,0.0,6165.0,4642.0,1.0
beta_ch[96],0.265,0.095,0.095,0.441,0.001,0.001,8582.0,7395.0,1.0
beta_ch[97],0.096,0.077,0.0,0.234,0.003,0.002,798.0,1569.0,1.0
beta_ch[98],0.026,0.027,0.0,0.075,0.0,0.0,4456.0,3546.0,1.0
beta_ch[99],0.016,0.018,0.0,0.05,0.0,0.0,3551.0,3831.0,1.0
beta_ch[100],0.006,0.008,0.0,0.02,0.0,0.0,5303.0,4400.0,1.0
beta_ch[101],0.115,0.073,0.0,0.236,0.001,0.001,1909.0,1053.0,1.0
beta_ch[102],0.123,0.061,0.021,0.243,0.001,0.001,4553.0,2482.0,1.0
beta_ch[103],0.029,0.024,0.0,0.071,0.0,0.0,3469.0,3419.0,1.0
beta_ch[104],0.099,0.036,0.036,0.17,0.0,0.0,7782.0,4537.0,1.0
beta_ch[105],0.065,0.069,0.0,0.191,0.001,0.001,4695.0,3853.0,1.0
beta_ch[106],0.017,0.018,0.0,0.051,0.0,0.0,4020.0,4264.0,1.0
beta_ch[107],0.082,0.016,0.052,0.111,0.0,0.0,18063.0,5901.0,1.0
beta_ch[108],0.002,0.003,0.0,0.007,0.0,0.0,7136.0,4371.0,1.0
beta_ch[109],0.077,0.054,0.0,0.167,0.001,0.001,3857.0,2558.0,1.0
beta_ch[110],0.016,0.014,0.0,0.042,0.0,0.0,3402.0,3166.0,1.0
beta_ch[111],0.19,0.083,0.045,0.353,0.001,0.001,5448.0,3532.0,1.0
beta_ch[112],0.057,0.031,0.0,0.106,0.0,0.0,2914.0,1273.0,1.0
beta_ch[113],0.01,0.013,0.0,0.036,0.0,0.0,5024.0,3550.0,1.0
beta_ch[114],0.004,0.005,0.0,0.013,0.0,0.0,5551.0,4942.0,1.0
beta_ch[115],0.009,0.013,0.0,0.033,0.0,0.0,6216.0,4516.0,1.0
beta_ch[116],0.093,0.022,0.05,0.134,0.0,0.0,11493.0,6447.0,1.0
beta_ch[117],0.179,0.084,0.033,0.345,0.001,0.001,4918.0,3495.0,1.0
beta_ch[118],0.027,0.025,0.0,0.072,0.0,0.0,4896.0,4104.0,1.0
beta_ch[119],0.022,0.022,0.0,0.063,0.0,0.0,4532.0,3965.0,1.0
beta_ch[120],0.042,0.024,0.0,0.079,0.0,0.0,3714.0,1844.0,1.0
beta_ch[121],0.02,0.019,0.0,0.054,0.0,0.0,3611.0,2975.0,1.0
beta_ch[122],0.008,0.011,0.0,0.029,0.0,0.0,3991.0,3401.0,1.0
beta_ch[123],0.16,0.08,0.0,0.297,0.001,0.001,3490.0,1690.0,1.0
beta_ch[124],0.091,0.044,0.0,0.161,0.001,0.001,2672.0,1018.0,1.0
beta_ch[125],0.004,0.006,0.0,0.014,0.0,0.0,4311.0,4420.0,1.0
beta_ch[126],0.035,0.031,0.0,0.09,0.0,0.0,3338.0,3515.0,1.0
beta_ch[127],0.017,0.018,0.0,0.05,0.0,0.0,4122.0,4094.0,1.0
beta_ch[128],0.01,0.012,0.0,0.033,0.0,0.0,3846.0,3762.0,1.0
beta_ch[129],0.144,0.072,0.0,0.265,0.001,0.001,5802.0,2746.0,1.0
beta_ch[130],0.087,0.04,0.0,0.151,0.001,0.0,4117.0,1524.0,1.0
beta_ch[131],0.015,0.018,0.0,0.051,0.0,0.0,3893.0,4013.0,1.0
beta_ch[132],0.09,0.044,0.0,0.158,0.001,0.001,2357.0,929.0,1.0
beta_ch[133],0.008,0.01,0.0,0.028,0.0,0.0,4660.0,3865.0,1.0
beta_ch[134],0.05,0.038,0.0,0.115,0.001,0.0,3584.0,2244.0,1.0
beta_ch[135],0.003,0.005,0.0,0.012,0.0,0.0,5945.0,3688.0,1.0
beta_ch[136],0.015,0.013,0.0,0.038,0.0,0.0,3232.0,3460.0,1.0
beta_ch[137],0.004,0.005,0.0,0.013,0.0,0.0,5061.0,3305.0,1.0
beta_ch[138],0.01,0.01,0.0,0.029,0.0,0.0,3593.0,3322.0,1.0
beta_ch[139],0.063,0.023,0.018,0.105,0.0,0.0,5340.0,2591.0,1.0
beta_ch[140],0.004,0.006,0.0,0.015,0.0,0.0,5238.0,3652.0,1.0
beta_ch[141],0.312,0.099,0.132,0.494,0.001,0.001,8253.0,7531.0,1.0
beta_ch[142],0.052,0.059,0.0,0.162,0.001,0.001,4455.0,3812.0,1.0
beta_ch[143],0.026,0.03,0.0,0.081,0.0,0.0,4299.0,3961.0,1.0
beta_ch[144],0.021,0.026,0.0,0.07,0.0,0.0,5977.0,4106.0,1.0
beta_ch[145],0.011,0.015,0.0,0.04,0.0,0.0,4414.0,4009.0,1.0
beta_ch[146],0.089,0.035,0.025,0.158,0.001,0.001,1880.0,589.0,1.0
beta_ch[147],0.025,0.026,0.0,0.072,0.0,0.0,3751.0,3610.0,1.0
beta_ch[148],0.003,0.005,0.0,0.012,0.0,0.0,5979.0,3971.0,1.0
beta_ch[149],0.071,0.024,0.028,0.121,0.001,0.0,1701.0,568.0,1.0
beta_ch[150],0.198,0.078,0.066,0.346,0.001,0.001,9426.0,6332.0,1.0
beta_ch[151],0.261,0.093,0.09,0.431,0.001,0.001,8856.0,6440.0,1.0
beta_ch[152],0.003,0.004,0.0,0.01,0.0,0.0,6659.0,4897.0,1.0
beta_ch[153],0.011,0.014,0.0,0.039,0.0,0.0,5630.0,4983.0,1.0
beta_ch[154],0.03,0.02,0.0,0.063,0.0,0.0,3136.0,2925.0,1.0
beta_ch[155],0.126,0.048,0.034,0.22,0.002,0.002,480.0,156.0,1.0
beta_ch[156],0.191,0.077,0.062,0.336,0.001,0.001,7959.0,6850.0,1.0
beta_ch[157],0.126,0.047,0.045,0.22,0.001,0.0,6092.0,3740.0,1.0
beta_ch[158],0.089,0.076,0.0,0.215,0.001,0.001,2527.0,2909.0,1.0
beta_ch[159],0.216,0.081,0.081,0.37,0.001,0.001,7070.0,6707.0,1.0
beta_ch[160],0.047,0.026,0.0,0.087,0.0,0.0,3336.0,1299.0,1.0
beta_ch[161],0.041,0.037,0.0,0.107,0.001,0.0,3806.0,4030.0,1.0
beta_ch[162],0.043,0.041,0.0,0.115,0.001,0.001,2352.0,3866.0,1.0
beta_ch[163],0.019,0.018,0.0,0.053,0.0,0.0,3284.0,3768.0,1.0
beta_ch[164],0.064,0.024,0.018,0.111,0.0,0.0,3764.0,1832.0,1.0
beta_ch[165],0.042,0.036,0.0,0.103,0.0,0.0,4713.0,3878.0,1.0
beta_ch[166],0.14,0.083,0.0,0.279,0.002,0.002,1090.0,954.0,1.0
beta_ch[167],0.292,0.103,0.115,0.487,0.001,0.001,9716.0,7402.0,1.0
beta_ch[168],0.026,0.03,0.0,0.082,0.0,0.0,5318.0,4319.0,1.0
beta_ch[169],0.037,0.023,0.0,0.074,0.0,0.0,2332.0,1334.0,1.0
beta_ch[170],0.043,0.038,0.0,0.108,0.0,0.0,4576.0,3985.0,1.0
beta_ch[171],0.076,0.042,0.0,0.142,0.001,0.0,3155.0,1618.0,1.0
beta_ch[172],0.01,0.013,0.0,0.035,0.0,0.0,5384.0,4493.0,1.0
beta_ch[173],0.068,0.032,0.0,0.116,0.001,0.001,1975.0,1481.0,1.0
beta_ch[174],0.002,0.003,0.0,0.008,0.0,0.0,6374.0,5460.0,1.0
beta_ch[175],0.297,0.095,0.13,0.479,0.001,0.001,8739.0,7952.0,1.0
beta_ch[176],0.039,0.045,0.0,0.123,0.001,0.001,2592.0,3586.0,1.0
beta_ch[177],0.271,0.095,0.108,0.452,0.001,0.001,8097.0,6060.0,1.0
beta_ch[178],0.064,0.042,0.0,0.132,0.001,0.0,3407.0,2619.0,1.0
beta_ch[179],0.051,0.021,0.011,0.09,0.0,0.0,3425.0,1268.0,1.0
beta_ch[180],0.016,0.019,0.0,0.053,0.0,0.0,3892.0,4824.0,1.0
beta_ch[181],0.018,0.024,0.0,0.063,0.0,0.0,5985.0,4915.0,1.0
beta_ch[182],0.022,0.023,0.0,0.065,0.0,0.0,3715.0,3612.0,1.0
beta_ch[183],0.237,0.098,0.072,0.421,0.001,0.001,8333.0,6953.0,1.0
beta_ch[184],0.006,0.01,0.0,0.023,0.0,0.0,4055.0,4289.0,1.0
beta_ch[185],0.062,0.043,0.0,0.134,0.001,0.001,2496.0,2623.0,1.0
beta_ch[186],0.027,0.021,0.0,0.062,0.0,0.0,3316.0,2507.0,1.0
beta_ch[187],0.004,0.005,0.0,0.014,0.0,0.0,6479.0,5194.0,1.0
beta_ch[188],0.009,0.01,0.0,0.028,0.0,0.0,3753.0,2849.0,1.0
beta_ch[189],0.125,0.037,0.054,0.193,0.0,0.0,10385.0,6756.0,1.0
beta_ch[190],0.016,0.016,0.0,0.046,0.0,0.0,3434.0,3544.0,1.0
beta_ch[191],0.026,0.026,0.0,0.072,0.0,0.0,4157.0,4092.0,1.0
beta_ch[192],0.154,0.082,0.0,0.29,0.001,0.001,2871.0,1379.0,1.0
beta_ch[193],0.088,0.075,0.0,0.222,0.001,0.001,3521.0,3150.0,1.0
beta_ch[194],0.013,0.013,0.0,0.038,0.0,0.0,3510.0,3146.0,1.0
beta_ch[195],0.031,0.051,0.0,0.134,0.001,0.001,2585.0,4197.0,1.0
beta_ch[196],0.027,0.022,0.0,0.064,0.0,0.0,3078.0,2559.0,1.0
beta_ch[197],0.226,0.093,0.066,0.407,0.001,0.001,3363.0,1488.0,1.0
beta_ch[198],0.018,0.019,0.0,0.054,0.0,0.0,4267.0,4259.0,1.0
beta_ch[199],0.098,0.079,0.0,0.234,0.001,0.001,3425.0,2027.0,1.0
beta_ch[200],0.005,0.007,0.0,0.019,0.0,0.0,6060.0,4436.0,1.0
beta_ch[201],0.086,0.077,0.0,0.227,0.001,0.001,4292.0,4591.0,1.0
beta_ch[202],0.133,0.083,0.0,0.273,0.001,0.001,3993.0,2099.0,1.0
beta_ch[203],0.131,0.093,0.0,0.292,0.003,0.002,1081.0,2134.0,1.0
beta_ch[204],0.01,0.013,0.0,0.036,0.0,0.0,4757.0,3911.0,1.0
beta_ch[205],0.012,0.013,0.0,0.036,0.0,0.0,3272.0,2848.0,1.0
beta_ch[206],0.305,0.103,0.123,0.5,0.001,0.001,8064.0,7130.0,1.0
beta_ch[207],0.067,0.025,0.019,0.112,0.001,0.0,1670.0,613.0,1.0
beta_ch[208],0.007,0.009,0.0,0.024,0.0,0.0,4432.0,4137.0,1.0
beta_ch[209],0.029,0.025,0.0,0.072,0.0,0.0,3345.0,2660.0,1.0
beta_ch[210],0.053,0.048,0.0,0.135,0.001,0.0,3521.0,2737.0,1.0
beta_ch[211],0.078,0.071,0.0,0.201,0.001,0.001,2384.0,3042.0,1.0
beta_ch[212],0.044,0.05,0.0,0.134,0.003,0.002,421.0,2775.0,1.0
beta_ch[213],0.135,0.045,0.058,0.221,0.0,0.0,11370.0,7144.0,1.0
beta_ch[214],0.049,0.023,0.0,0.085,0.0,0.0,4660.0,2002.0,1.0
beta_ch[215],0.022,0.024,0.0,0.068,0.0,0.0,2267.0,3151.0,1.0
beta_ch[216],0.08,0.036,0.0,0.138,0.001,0.0,3459.0,1516.0,1.0
beta_ch[217],0.06,0.052,0.0,0.149,0.001,0.001,1435.0,2965.0,1.0
beta_ch[218],0.117,0.07,0.0,0.236,0.001,0.001,3999.0,2510.0,1.0
beta_ch[219],0.293,0.097,0.115,0.47,0.001,0.001,9369.0,7323.0,1.0
beta_ch[220],0.007,0.009,0.0,0.024,0.0,0.0,4037.0,4413.0,1.0
beta_ch[221],0.18,0.057,0.085,0.294,0.001,0.0,8527.0,6902.0,1.0
beta_ch[222],0.011,0.014,0.0,0.038,0.0,0.0,4478.0,3767.0,1.0
beta_ch[223],0.008,0.01,0.0,0.026,0.0,0.0,3582.0,3273.0,1.0
beta_ch[224],0.006,0.009,0.0,0.024,0.0,0.0,5582.0,4814.0,1.0
beta_ch[225],0.023,0.03,0.0,0.078,0.0,0.0,6134.0,4858.0,1.0
beta_ch[226],0.004,0.007,0.0,0.017,0.0,0.0,6801.0,4949.0,1.0
beta_ch[227],0.009,0.012,0.0,0.032,0.0,0.0,5303.0,4289.0,1.0
beta_ch[228],0.056,0.028,0.0,0.101,0.0,0.0,3791.0,1657.0,1.0
beta_ch[229],0.069,0.031,0.0,0.117,0.001,0.0,2433.0,900.0,1.0
beta_ch[230],0.077,0.064,0.0,0.187,0.001,0.001,2652.0,2530.0,1.0
beta_ch[231],0.157,0.073,0.029,0.292,0.001,0.001,4597.0,4760.0,1.0
beta_ch[232],0.167,0.068,0.056,0.304,0.001,0.001,8937.0,5406.0,1.0
beta_ch[233],0.013,0.014,0.0,0.04,0.0,0.0,4763.0,4203.0,1.0
beta_ch[234],0.08,0.032,0.02,0.145,0.001,0.0,2521.0,1082.0,1.0
beta_ch[235],0.037,0.044,0.0,0.117,0.001,0.001,2829.0,3625.0,1.0
beta_ch[236],0.003,0.004,0.0,0.011,0.0,0.0,6237.0,4099.0,1.0
beta_ch[237],0.193,0.092,0.029,0.375,0.001,0.001,5984.0,3009.0,1.0
beta_ch[238],0.133,0.047,0.052,0.229,0.001,0.0,7877.0,4614.0,1.0
beta_ch[239],0.079,0.018,0.045,0.114,0.0,0.0,14305.0,6758.0,1.0
beta_ch[240],0.129,0.045,0.047,0.217,0.0,0.0,9186.0,6065.0,1.0
beta_ch[241],0.005,0.008,0.0,0.02,0.0,0.0,5938.0,4788.0,1.0
beta_ch[242],0.009,0.012,0.0,0.033,0.0,0.0,6079.0,4904.0,1.0
beta_ch[243],0.003,0.005,0.0,0.013,0.0,0.0,5586.0,4547.0,1.0
beta_ch[244],0.067,0.024,0.02,0.112,0.0,0.0,3773.0,1464.0,1.0
beta_ch[245],0.005,0.007,0.0,0.018,0.0,0.0,5705.0,4520.0,1.0
beta_ch[246],0.255,0.088,0.103,0.424,0.001,0.001,10580.0,7484.0,1.0
beta_ch[247],0.127,0.079,0.0,0.26,0.001,0.001,2782.0,1364.0,1.0
beta_ch[248],0.044,0.037,0.0,0.108,0.001,0.0,2789.0,3032.0,1.0
beta_ch[249],0.042,0.038,0.0,0.11,0.001,0.0,3548.0,3633.0,1.0
beta_ch[250],0.027,0.017,0.0,0.054,0.0,0.0,2865.0,2042.0,1.0
beta_ch[251],0.009,0.013,0.0,0.034,0.0,0.0,5473.0,3687.0,1.0
beta_ch[252],0.035,0.03,0.0,0.088,0.0,0.0,3194.0,3230.0,1.0
beta_ch[253],0.043,0.038,0.0,0.11,0.001,0.0,3103.0,2810.0,1.0
beta_ch[254],0.005,0.007,0.0,0.019,0.0,0.0,5274.0,3315.0,1.0
beta_ch[255],0.013,0.016,0.0,0.044,0.0,0.0,3959.0,4327.0,1.0
beta_ch[256],0.096,0.067,0.0,0.209,0.001,0.001,1979.0,1625.0,1.0
beta_ch[257],0.276,0.095,0.117,0.464,0.001,0.001,9190.0,7689.0,1.0
beta_ch[258],0.193,0.086,0.045,0.359,0.001,0.001,8144.0,6005.0,1.0
beta_ch[259],0.009,0.012,0.0,0.032,0.0,0.0,5217.0,4476.0,1.0
beta_ch[260],0.043,0.031,0.0,0.094,0.0,0.0,3560.0,3127.0,1.0
beta_ch[261],0.279,0.09,0.117,0.452,0.001,0.001,8677.0,6315.0,1.0
beta_ch[262],0.248,0.099,0.083,0.446,0.001,0.001,6969.0,5720.0,1.0
beta_ch[263],0.021,0.016,0.0,0.047,0.0,0.0,2741.0,2003.0,1.0
beta_ch[264],0.015,0.017,0.0,0.048,0.0,0.0,5201.0,3928.0,1.0
beta_ch[265],0.149,0.036,0.086,0.215,0.0,0.0,9587.0,7067.0,1.0
beta_ch[266],0.018,0.024,0.0,0.065,0.0,0.0,5422.0,4914.0,1.0
beta_ch[267],0.006,0.007,0.0,0.02,0.0,0.0,4709.0,4124.0,1.0
beta_ch[268],0.054,0.041,0.0,0.123,0.001,0.0,4001.0,2995.0,1.0
beta_ch[269],0.018,0.019,0.0,0.054,0.0,0.0,4958.0,3600.0,1.0
beta_ch[270],0.058,0.039,0.0,0.122,0.001,0.0,2405.0,1280.0,1.0
beta_ch[271],0.084,0.068,0.0,0.201,0.001,0.001,2604.0,2761.0,1.0
beta_ch[272],0.025,0.021,0.0,0.063,0.0,0.0,3928.0,2790.0,1.0
beta_ch[273],0.005,0.007,0.0,0.019,0.0,0.0,4881.0,3669.0,1.0
beta_ch[274],0.073,0.072,0.0,0.198,0.001,0.001,2414.0,3629.0,1.0
beta_ch[275],0.003,0.005,0.0,0.012,0.0,0.0,7001.0,4450.0,1.0
beta_ch[276],0.066,0.04,0.0,0.132,0.001,0.0,3705.0,2005.0,1.0
beta_ch[277],0.006,0.009,0.0,0.024,0.0,0.0,6320.0,4355.0,1.0
beta_ch[278],0.097,0.064,0.0,0.202,0.001,0.001,3729.0,2017.0,1.0
beta_ch[279],0.003,0.005,0.0,0.013,0.0,0.0,5373.0,4709.0,1.0
beta_ch[280],0.051,0.06,0.0,0.161,0.001,0.001,5247.0,3949.0,1.0
beta_ch[281],0.288,0.105,0.112,0.499,0.001,0.001,4384.0,2229.0,1.0
beta_ch[282],0.002,0.003,0.0,0.006,0.0,0.0,6339.0,4357.0,1.0
beta_ch[283],0.061,0.063,0.0,0.173,0.001,0.001,3698.0,3493.0,1.0
beta_ch[284],0.278,0.1,0.102,0.469,0.001,0.001,7205.0,6390.0,1.0
beta_ch[285],0.024,0.018,0.0,0.054,0.0,0.0,3135.0,2790.0,1.0
beta_ch[286],0.018,0.019,0.0,0.053,0.0,0.0,4032.0,4175.0,1.0
beta_ch[287],0.301,0.1,0.127,0.491,0.001,0.001,9547.0,7199.0,1.0
beta_ch[288],0.008,0.011,0.0,0.029,0.0,0.0,4879.0,4690.0,1.0
beta_ch[289],0.02,0.023,0.0,0.063,0.0,0.0,4660.0,3515.0,1.0
beta_ch[290],0.012,0.014,0.0,0.039,0.0,0.0,4012.0,3964.0,1.0
beta_ch[291],0.071,0.068,0.0,0.191,0.001,0.001,3691.0,3486.0,1.0
beta_ch[292],0.029,0.022,0.0,0.066,0.0,0.0,2803.0,3372.0,1.0
beta_ch[293],0.06,0.028,0.0,0.103,0.001,0.0,1923.0,767.0,1.0
beta_ch[294],0.187,0.083,0.047,0.352,0.001,0.001,4927.0,2655.0,1.0
beta_ch[295],0.041,0.049,0.0,0.133,0.001,0.0,4693.0,5091.0,1.0
beta_ch[296],0.085,0.078,0.0,0.222,0.001,0.001,3118.0,1905.0,1.0
beta_ch[297],0.121,0.075,0.0,0.245,0.002,0.001,1482.0,895.0,1.0
beta_ch[298],0.078,0.041,0.0,0.142,0.001,0.001,2421.0,1513.0,1.0
beta_ch[299],0.009,0.012,0.0,0.032,0.0,0.0,3913.0,4722.0,1.0
beta_ch[300],0.014,0.017,0.0,0.046,0.0,0.0,4428.0,3735.0,1.0
beta_ch[301],0.02,0.022,0.0,0.061,0.0,0.0,4190.0,4185.0,1.0
beta_ch[302],0.067,0.04,0.0,0.131,0.001,0.0,3559.0,1596.0,1.0
beta_ch[303],0.154,0.048,0.067,0.244,0.001,0.0,8237.0,5002.0,1.0
beta_ch[304],0.037,0.028,0.0,0.083,0.0,0.0,2668.0,2283.0,1.0
beta_ch[305],0.008,0.011,0.0,0.029,0.0,0.0,4913.0,4641.0,1.0
beta_ch_kappa,4.577,0.542,3.581,5.624,0.014,0.01,1495.0,2672.0,1.0
beta_ch_mean,0.079,0.007,0.065,0.092,0.0,0.0,2419.0,5212.0,1.0
beta_r[0],0.213,0.059,0.114,0.325,0.001,0.0,8857.0,7232.0,1.0
beta_r[1],0.188,0.04,0.116,0.265,0.0,0.0,13182.0,7129.0,1.0
beta_r[2],0.244,0.077,0.11,0.381,0.001,0.001,10057.0,6399.0,1.0
beta_r[3],0.462,0.13,0.224,0.702,0.001,0.001,7766.0,6468.0,1.0
beta_r[4],0.669,0.117,0.452,0.883,0.001,0.001,13191.0,7011.0,1.0
beta_r[5],0.109,0.022,0.07,0.152,0.0,0.0,12788.0,7415.0,1.0
beta_r[6],0.29,0.069,0.156,0.413,0.001,0.0,9425.0,6836.0,1.0
beta_r[7],0.114,0.033,0.054,0.177,0.0,0.0,9807.0,6620.0,1.0
beta_r[8],0.683,0.111,0.476,0.886,0.001,0.001,12568.0,7190.0,1.0
beta_r[9],0.449,0.123,0.225,0.684,0.001,0.001,11612.0,7174.0,1.0
beta_r[10],0.098,0.025,0.054,0.147,0.0,0.0,11703.0,7406.0,1.0
beta_r[11],0.115,0.03,0.06,0.173,0.0,0.0,12743.0,5758.0,1.0
beta_r[12],0.151,0.031,0.095,0.209,0.0,0.0,14837.0,7320.0,1.0
beta_r[13],0.281,0.068,0.172,0.409,0.001,0.001,10396.0,5828.0,1.0
beta_r[14],0.117,0.027,0.069,0.17,0.0,0.0,12286.0,7550.0,1.0
beta_r[15],0.156,0.033,0.094,0.217,0.0,0.0,13200.0,6822.0,1.0
beta_r[16],0.132,0.021,0.092,0.171,0.0,0.0,17219.0,7086.0,1.0
beta_r[17],0.095,0.022,0.057,0.138,0.0,0.0,15656.0,6832.0,1.0
beta_r[18],0.525,0.134,0.281,0.775,0.001,0.001,12722.0,6844.0,1.0
beta_r[19],0.274,0.064,0.16,0.39,0.001,0.0,14209.0,7000.0,1.0
beta_r[20],0.381,0.129,0.149,0.624,0.001,0.001,8105.0,6933.0,1.0
beta_r[21],0.294,0.072,0.163,0.426,0.001,0.001,12972.0,7170.0,1.0
beta_r[22],0.188,0.034,0.126,0.251,0.0,0.0,13831.0,7078.0,1.0
beta_r[23],0.264,0.069,0.154,0.394,0.001,0.001,10799.0,5494.0,1.0
beta_r[24],0.267,0.069,0.145,0.401,0.001,0.001,7884.0,7212.0,1.0
beta_r[25],0.193,0.048,0.104,0.278,0.0,0.0,13180.0,7045.0,1.0
beta_r[26],0.099,0.022,0.059,0.141,0.0,0.0,14713.0,6689.0,1.0
beta_r[27],0.301,0.07,0.175,0.431,0.001,0.001,7923.0,6737.0,1.0
beta_r[28],0.327,0.088,0.178,0.495,0.001,0.001,13347.0,7099.0,1.0
beta_r[29],0.635,0.121,0.41,0.858,0.001,0.001,15358.0,6658.0,1.0
beta_r[30],0.428,0.121,0.211,0.65,0.002,0.001,6557.0,6536.0,1.0
beta_r[31],0.029,0.014,0.004,0.054,0.0,0.0,9011.0,4099.0,1.0
beta_r[32],0.09,0.018,0.058,0.124,0.0,0.0,14264.0,6044.0,1.0
beta_r[33],0.278,0.087,0.13,0.445,0.001,0.001,9967.0,6221.0,1.0
beta_r[34],0.155,0.029,0.101,0.21,0.0,0.0,13839.0,7429.0,1.0
beta_r[35],0.204,0.045,0.12,0.288,0.0,0.0,11159.0,6674.0,1.0
beta_r[36],0.236,0.042,0.159,0.314,0.0,0.0,15421.0,7305.0,1.0
beta_r[37],0.436,0.125,0.209,0.668,0.002,0.001,7008.0,6279.0,1.0
beta_r[38],0.457,0.125,0.224,0.687,0.001,0.001,11417.0,6930.0,1.0
beta_r[39],0.134,0.029,0.082,0.188,0.0,0.0,11730.0,7325.0,1.0
beta_r[40],0.359,0.083,0.217,0.526,0.001,0.001,12964.0,6930.0,1.0
beta_r[41],0.533,0.116,0.321,0.751,0.001,0.001,15164.0,6641.0,1.0
beta_r[42],0.25,0.047,0.172,0.343,0.0,0.0,16825.0,8134.0,1.0
beta_r[43],0.25,0.064,0.136,0.366,0.001,0.001,9240.0,6194.0,1.0
beta_r[44],0.563,0.125,0.333,0.797,0.001,0.001,12068.0,6133.0,1.0
beta_r[45],0.212,0.043,0.136,0.293,0.0,0.0,14711.0,6741.0,1.0
beta_r[46],0.13,0.028,0.079,0.182,0.0,0.0,14455.0,7756.0,1.0
beta_r[47],0.19,0.037,0.122,0.259,0.0,0.0,17202.0,6855.0,1.0
beta_r[48],0.174,0.044,0.094,0.258,0.001,0.0,7734.0,7278.0,1.0
beta_r[49],0.08,0.027,0.03,0.13,0.0,0.0,8819.0,5654.0,1.0
beta_r[50],0.15,0.032,0.094,0.212,0.0,0.0,12237.0,7945.0,1.0
beta_r[51],0.46,0.108,0.266,0.666,0.001,0.001,12205.0,6265.0,1.0
beta_r[52],0.468,0.113,0.263,0.683,0.001,0.001,13693.0,6881.0,1.0
beta_r[53],0.402,0.105,0.213,0.601,0.001,0.001,11328.0,7046.0,1.0
beta_r[54],0.214,0.046,0.132,0.303,0.0,0.0,14880.0,7265.0,1.0
beta_r[55],0.472,0.111,0.262,0.679,0.001,0.001,10339.0,6605.0,1.0
beta_r[56],0.351,0.103,0.18,0.552,0.001,0.001,12687.0,6918.0,1.0
beta_r[57],0.214,0.044,0.138,0.301,0.0,0.0,10921.0,7234.0,1.0
beta_r[58],0.084,0.019,0.048,0.121,0.0,0.0,13084.0,5874.0,1.0
beta_r[59],0.208,0.051,0.116,0.302,0.001,0.0,9282.0,7564.0,1.0
beta_r[60],0.075,0.027,0.026,0.125,0.0,0.0,8451.0,5790.0,1.0
beta_r[61],0.299,0.096,0.154,0.484,0.001,0.001,9411.0,5962.0,1.0
beta_r[62],0.236,0.052,0.146,0.338,0.0,0.0,12146.0,7268.0,1.0
beta_r[63],0.139,0.031,0.081,0.196,0.0,0.0,11369.0,7262.0,1.0
beta_r[64],0.373,0.109,0.186,0.579,0.001,0.001,8124.0,5386.0,1.0
beta_r[65],0.399,0.103,0.213,0.595,0.001,0.001,10667.0,6459.0,1.0
beta_r[66],0.348,0.084,0.195,0.504,0.001,0.001,14819.0,7228.0,1.0
beta_r[67],0.261,0.066,0.144,0.387,0.001,0.0,11725.0,6972.0,1.0
beta_r[68],0.109,0.022,0.069,0.151,0.0,0.0,15830.0,7267.0,1.0
beta_r[69],0.362,0.108,0.168,0.56,0.001,0.001,9616.0,6680.0,1.0
beta_r[70],0.228,0.05,0.141,0.323,0.0,0.0,11030.0,7022.0,1.0
beta_r[71],0.223,0.06,0.125,0.339,0.001,0.0,9779.0,6512.0,1.0
beta_r[72],0.229,0.057,0.125,0.337,0.001,0.0,8963.0,6809.0,1.0
beta_r[73],0.117,0.022,0.076,0.158,0.0,0.0,12744.0,7027.0,1.0
beta_r[74],0.132,0.029,0.079,0.186,0.0,0.0,12377.0,7304.0,1.0
beta_r[75],0.142,0.032,0.089,0.205,0.0,0.0,11163.0,7163.0,1.0
beta_r[76],0.275,0.07,0.152,0.406,0.001,0.001,9543.0,7275.0,1.0
beta_r[77],0.109,0.026,0.062,0.159,0.0,0.0,12645.0,6329.0,1.0
beta_r[78],0.66,0.115,0.443,0.867,0.001,0.001,14386.0,6782.0,1.0
beta_r[79],0.265,0.083,0.127,0.417,0.001,0.001,3604.0,6127.0,1.0
beta_r[80],0.157,0.038,0.086,0.227,0.0,0.0,9741.0,6252.0,1.0
beta_r[81],0.151,0.03,0.098,0.208,0.0,0.0,12301.0,7650.0,1.0
beta_r[82],0.143,0.027,0.095,0.194,0.0,0.0,15681.0,7491.0,1.0
beta_r[83],0.205,0.053,0.107,0.306,0.001,0.0,9006.0,5232.0,1.0
beta_r[84],0.288,0.072,0.161,0.427,0.001,0.0,15157.0,7154.0,1.0
beta_r[85],0.482,0.118,0.277,0.715,0.001,0.001,15584.0,6757.0,1.0
beta_r[86],0.132,0.031,0.077,0.192,0.0,0.0,13074.0,7995.0,1.0
beta_r[87],0.152,0.038,0.087,0.227,0.0,0.0,15224.0,7899.0,1.0
beta_r[88],0.096,0.022,0.055,0.138,0.0,0.0,15605.0,6576.0,1.0
beta_r[89],0.382,0.103,0.193,0.573,0.001,0.001,9998.0,7048.0,1.0
beta_r[90],0.062,0.021,0.023,0.101,0.0,0.0,11614.0,5389.0,1.0
beta_r[91],0.093,0.025,0.049,0.142,0.0,0.0,12134.0,6656.0,1.0
beta_r[92],0.217,0.047,0.136,0.311,0.0,0.0,13835.0,6999.0,1.0
beta_r[93],0.316,0.075,0.181,0.456,0.001,0.001,11355.0,6800.0,1.0
beta_r[94],0.061,0.019,0.027,0.098,0.0,0.0,11724.0,5254.0,1.0
beta_r[95],0.177,0.028,0.124,0.229,0.0,0.0,15441.0,6534.0,1.0
beta_r[96],0.526,0.129,0.285,0.77,0.001,0.001,12230.0,6573.0,1.0
beta_r[97],0.305,0.129,0.105,0.546,0.003,0.002,1356.0,4799.0,1.0
beta_r[98],0.212,0.047,0.129,0.301,0.0,0.0,12126.0,7475.0,1.0
beta_r[99],0.227,0.055,0.123,0.33,0.001,0.0,8429.0,6569.0,1.0
beta_r[100],0.163,0.033,0.099,0.224,0.0,0.0,12622.0,6277.0,1.0
beta_r[101],0.313,0.09,0.151,0.481,0.001,0.001,7141.0,5379.0,1.0
beta_r[102],0.414,0.109,0.217,0.613,0.001,0.001,12269.0,7197.0,1.0
beta_r[103],0.162,0.036,0.095,0.228,0.0,0.0,8690.0,7447.0,1.0
beta_r[104],0.194,0.048,0.114,0.291,0.0,0.0,14353.0,7377.0,1.0
beta_r[105],0.338,0.1,0.175,0.527,0.001,0.001,13014.0,6987.0,1.0
beta_r[106],0.162,0.029,0.11,0.217,0.0,0.0,15570.0,7813.0,1.0
beta_r[107],0.007,0.005,0.0,0.016,0.0,0.0,10019.0,4300.0,1.0
beta_r[108],0.052,0.017,0.021,0.084,0.0,0.0,12531.0,5463.0,1.0
beta_r[109],0.46,0.11,0.26,0.673,0.001,0.001,10893.0,6878.0,1.0
beta_r[110],0.085,0.018,0.05,0.119,0.0,0.0,14814.0,6318.0,1.0
beta_r[111],0.422,0.105,0.225,0.613,0.001,0.001,12278.0,6917.0,1.0
beta_r[112],0.175,0.042,0.1,0.254,0.0,0.0,11439.0,7216.0,1.0
beta_r[113],0.213,0.042,0.137,0.289,0.0,0.0,13246.0,7559.0,1.0
beta_r[114],0.103,0.021,0.064,0.141,0.0,0.0,14609.0,6990.0,1.0
beta_r[115],0.263,0.059,0.164,0.378,0.001,0.0,12510.0,8326.0,1.0
beta_r[116],0.098,0.026,0.049,0.147,0.0,0.0,14594.0,6786.0,1.0
beta_r[117],0.541,0.135,0.3,0.798,0.001,0.001,10994.0,6673.0,1.0
beta_r[118],0.218,0.046,0.138,0.306,0.0,0.0,13914.0,7725.0,1.0
beta_r[119],0.184,0.037,0.118,0.253,0.0,0.0,11771.0,7882.0,1.0
beta_r[120],0.133,0.029,0.083,0.189,0.0,0.0,12221.0,7268.0,1.0
beta_r[121],0.144,0.027,0.095,0.195,0.0,0.0,15209.0,6391.0,1.0
beta_r[122],0.225,0.051,0.135,0.323,0.0,0.0,11625.0,6207.0,1.0
beta_r[123],0.475,0.123,0.262,0.713,0.001,0.001,12108.0,6888.0,1.0
beta_r[124],0.272,0.07,0.149,0.403,0.001,0.001,10853.0,7907.0,1.0
beta_r[125],0.116,0.023,0.074,0.159,0.0,0.0,15352.0,7337.0,1.0
beta_r[126],0.288,0.075,0.151,0.427,0.001,0.001,8946.0,6961.0,1.0
beta_r[127],0.176,0.037,0.107,0.245,0.0,0.0,10751.0,6709.0,1.0
beta_r[128],0.157,0.036,0.09,0.222,0.0,0.0,12891.0,6169.0,1.0
beta_r[129],0.619,0.128,0.378,0.848,0.001,0.001,16096.0,6773.0,1.0
beta_r[130],0.35,0.077,0.206,0.493,0.001,0.0,14737.0,7068.0,1.0
beta_r[131],0.206,0.045,0.12,0.288,0.0,0.0,10653.0,6918.0,1.0
beta_r[132],0.213,0.055,0.112,0.31,0.001,0.0,8568.0,6638.0,1.0
beta_r[133],0.17,0.034,0.108,0.233,0.0,0.0,12348.0,6042.0,1.0
beta_r[134],0.256,0.059,0.149,0.367,0.001,0.0,14547.0,7367.0,1.0
beta_r[135],0.15,0.027,0.103,0.203,0.0,0.0,13413.0,7107.0,1.0
beta_r[136],0.07,0.019,0.036,0.104,0.0,0.0,12548.0,4704.0,1.0
beta_r[137],0.153,0.027,0.104,0.203,0.0,0.0,14490.0,7642.0,1.0
beta_r[138],0.033,0.015,0.005,0.06,0.0,0.0,11000.0,4956.0,1.0
beta_r[139],0.119,0.028,0.068,0.172,0.0,0.0,14528.0,6289.0,1.0
beta_r[140],0.088,0.017,0.057,0.118,0.0,0.0,19467.0,7078.0,1.0
beta_r[141],0.592,0.126,0.357,0.823,0.001,0.001,12874.0,6626.0,1.0
beta_r[142],0.326,0.084,0.184,0.483,0.001,0.001,13273.0,6814.0,1.0
beta_r[143],0.293,0.068,0.173,0.421,0.001,0.0,12643.0,7645.0,1.0
beta_r[144],0.27,0.064,0.161,0.392,0.001,0.0,15811.0,5779.0,1.0
beta_r[145],0.224,0.046,0.143,0.313,0.0,0.0,12677.0,7208.0,1.0
beta_r[146],0.291,0.085,0.139,0.453,0.001,0.001,6262.0,5932.0,1.0
beta_r[147],0.29,0.068,0.161,0.413,0.001,0.0,11286.0,6122.0,1.0
beta_r[148],0.073,0.025,0.028,0.121,0.0,0.0,11195.0,6034.0,1.0
beta_r[149],0.124,0.028,0.075,0.179,0.0,0.0,13251.0,6972.0,1.0
beta_r[150],0.511,0.122,0.292,0.74,0.001,0.001,14471.0,6127.0,1.0
beta_r[151],0.612,0.121,0.384,0.83,0.001,0.001,13520.0,6938.0,1.0
beta_r[152],0.129,0.03,0.075,0.186,0.0,0.0,10128.0,6799.0,1.0
beta_r[153],0.199,0.041,0.124,0.277,0.0,0.0,14455.0,7564.0,1.0
beta_r[154],0.131,0.033,0.069,0.193,0.0,0.0,9303.0,5974.0,1.0
beta_r[155],0.279,0.075,0.146,0.419,0.001,0.001,5165.0,5613.0,1.0
beta_r[156],0.364,0.1,0.184,0.551,0.001,0.001,10801.0,7195.0,1.0
beta_r[157],0.332,0.087,0.174,0.495,0.001,0.001,13978.0,6390.0,1.0
beta_r[158],0.288,0.099,0.137,0.475,0.001,0.001,6414.0,5615.0,1.0
beta_r[159],0.376,0.108,0.183,0.581,0.001,0.001,10236.0,7608.0,1.0
beta_r[160],0.166,0.039,0.093,0.239,0.0,0.0,10731.0,6780.0,1.0
beta_r[161],0.274,0.068,0.147,0.4,0.001,0.0,11800.0,7811.0,1.0
beta_r[162],0.221,0.063,0.113,0.338,0.001,0.001,5028.0,6762.0,1.0
beta_r[163],0.169,0.041,0.096,0.248,0.0,0.0,9879.0,6892.0,1.0
beta_r[164],0.144,0.037,0.076,0.214,0.0,0.0,13643.0,7152.0,1.0
beta_r[165],0.214,0.049,0.127,0.306,0.0,0.0,14413.0,7994.0,1.0
beta_r[166],0.221,0.094,0.084,0.402,0.002,0.002,2412.0,3729.0,1.0
beta_r[167],0.613,0.126,0.382,0.849,0.001,0.001,11746.0,6734.0,1.0
beta_r[168],0.269,0.064,0.156,0.389,0.001,0.0,14919.0,7866.0,1.0
beta_r[169],0.123,0.028,0.072,0.175,0.0,0.0,10872.0,7015.0,1.0
beta_r[170],0.28,0.069,0.162,0.41,0.001,0.0,13327.0,7836.0,1.0
beta_r[171],0.224,0.057,0.127,0.335,0.001,0.001,8510.0,5764.0,1.0
beta_r[172],0.219,0.047,0.137,0.311,0.0,0.0,10239.0,7996.0,1.0
beta_r[173],0.133,0.035,0.071,0.196,0.001,0.001,3449.0,2763.0,1.0
beta_r[174],0.091,0.02,0.053,0.128,0.0,0.0,12444.0,6562.0,1.0
beta_r[175],0.505,0.122,0.29,0.743,0.001,0.001,10327.0,7400.0,1.0
beta_r[176],0.49,0.12,0.26,0.713,0.001,0.001,7407.0,7080.0,1.0
beta_r[177],0.571,0.134,0.331,0.832,0.001,0.001,15100.0,6846.0,1.0
beta_r[178],0.304,0.069,0.179,0.435,0.001,0.0,12934.0,7370.0,1.0
beta_r[179],0.097,0.029,0.043,0.147,0.0,0.0,10627.0,6209.0,1.0
beta_r[180],0.203,0.046,0.12,0.292,0.0,0.0,9041.0,6705.0,1.0
beta_r[181],0.318,0.075,0.19,0.464,0.001,0.001,13682.0,6830.0,1.0
beta_r[182],0.3,0.067,0.176,0.424,0.001,0.0,12459.0,6782.0,1.0
beta_r[183],0.49,0.121,0.261,0.713,0.001,0.001,13484.0,7871.0,1.0
beta_r[184],0.265,0.064,0.145,0.384,0.001,0.0,10222.0,6287.0,1.0
beta_r[185],0.212,0.065,0.1,0.332,0.001,0.001,5525.0,7794.0,1.0
beta_r[186],0.133,0.033,0.072,0.192,0.0,0.0,9076.0,6945.0,1.0
beta_r[187],0.135,0.027,0.086,0.186,0.0,0.0,12548.0,7735.0,1.0
beta_r[188],0.095,0.024,0.053,0.141,0.0,0.0,11748.0,6361.0,1.0
beta_r[189],0.32,0.085,0.172,0.482,0.001,0.001,11259.0,7349.0,1.0
beta_r[190],0.143,0.03,0.09,0.2,0.0,0.0,10436.0,7068.0,1.0
beta_r[191],0.2,0.037,0.136,0.271,0.0,0.0,16251.0,7689.0,1.0
beta_r[192],0.469,0.13,0.237,0.718,0.002,0.001,7717.0,6028.0,1.0
beta_r[193],0.352,0.108,0.169,0.556,0.001,0.001,12185.0,5964.0,1.0
beta_r[194],0.108,0.023,0.065,0.152,0.0,0.0,15206.0,7354.0,1.0
beta_r[195],0.349,0.107,0.16,0.549,0.002,0.001,4413.0,5440.0,1.0
beta_r[196],0.145,0.031,0.088,0.203,0.0,0.0,12709.0,7559.0,1.0
beta_r[197],0.491,0.125,0.264,0.728,0.001,0.001,11756.0,6870.0,1.0
beta_r[198],0.16,0.03,0.105,0.214,0.0,0.0,16077.0,7747.0,1.0
beta_r[199],0.337,0.111,0.158,0.549,0.001,0.001,10416.0,5717.0,1.0
beta_r[200],0.162,0.035,0.099,0.23,0.0,0.0,12730.0,6563.0,1.0
beta_r[201],0.382,0.113,0.192,0.6,0.001,0.001,11910.0,6714.0,1.0
beta_r[202],0.354,0.094,0.183,0.526,0.001,0.001,11658.0,6828.0,1.0
beta_r[203],0.351,0.137,0.135,0.616,0.003,0.002,1810.0,4928.0,1.0
beta_r[204],0.178,0.034,0.12,0.243,0.0,0.0,13367.0,7968.0,1.0
beta_r[205],0.107,0.027,0.057,0.159,0.0,0.0,10585.0,6546.0,1.0
beta_r[206],0.481,0.123,0.269,0.722,0.001,0.001,11442.0,7444.0,1.0
beta_r[207],0.137,0.03,0.083,0.195,0.0,0.0,13384.0,7193.0,1.0
beta_r[208],0.099,0.029,0.048,0.157,0.0,0.0,11626.0,6087.0,1.0
beta_r[209],0.248,0.059,0.139,0.359,0.001,0.0,10226.0,6639.0,1.0
beta_r[210],0.384,0.108,0.186,0.583,0.001,0.001,9336.0,7282.0,1.0
beta_r[211],0.285,0.081,0.146,0.433,0.001,0.001,7277.0,6905.0,1.0
beta_r[212],0.223,0.083,0.085,0.366,0.004,0.003,446.0,2668.0,1.0
beta_r[213],0.267,0.071,0.144,0.403,0.001,0.0,13120.0,7315.0,1.0
beta_r[214],0.142,0.038,0.075,0.215,0.0,0.0,9926.0,6941.0,1.0
beta_r[215],0.207,0.052,0.109,0.302,0.001,0.0,6230.0,6481.0,1.0
beta_r[216],0.194,0.046,0.111,0.281,0.0,0.0,13566.0,7812.0,1.0
beta_r[217],0.239,0.081,0.103,0.385,0.002,0.001,2456.0,6820.0,1.0
beta_r[218],0.236,0.067,0.131,0.359,0.001,0.001,9904.0,5301.0,1.0
beta_r[219],0.597,0.119,0.373,0.82,0.001,0.001,12136.0,7787.0,1.0
beta_r[220],0.115,0.024,0.071,0.158,0.0,0.0,16258.0,7369.0,1.0
beta_r[221],0.326,0.082,0.173,0.475,0.001,0.001,13604.0,7359.0,1.0
beta_r[222],0.216,0.044,0.135,0.299,0.0,0.0,13846.0,7400.0,1.0
beta_r[223],0.099,0.024,0.054,0.144,0.0,0.0,13066.0,6548.0,1.0
beta_r[224],0.155,0.03,0.099,0.212,0.0,0.0,11221.0,6942.0,1.0
beta_r[225],0.528,0.12,0.311,0.756,0.001,0.001,11692.0,6605.0,1.0
beta_r[226],0.165,0.03,0.111,0.223,0.0,0.0,12539.0,7471.0,1.0
beta_r[227],0.149,0.03,0.096,0.207,0.0,0.0,13532.0,7943.0,1.0
beta_r[228],0.226,0.053,0.135,0.328,0.0,0.0,15169.0,7137.0,1.0
beta_r[229],0.245,0.06,0.134,0.353,0.001,0.0,11139.0,7012.0,1.0
beta_r[230],0.318,0.113,0.132,0.534,0.001,0.001,6764.0,6004.0,1.0
beta_r[231],0.293,0.097,0.125,0.474,0.001,0.001,8021.0,6586.0,1.0
beta_r[232],0.412,0.131,0.175,0.656,0.001,0.001,12312.0,7372.0,1.0
beta_r[233],0.155,0.03,0.099,0.21,0.0,0.0,14267.0,6688.0,1.0
beta_r[234],0.154,0.039,0.085,0.227,0.001,0.0,5891.0,5370.0,1.0
beta_r[235],0.376,0.098,0.194,0.563,0.001,0.001,8627.0,6785.0,1.0
beta_r[236],0.132,0.023,0.09,0.176,0.0,0.0,15112.0,6614.0,1.0
beta_r[237],0.546,0.126,0.319,0.78,0.001,0.001,12029.0,6314.0,1.0
beta_r[238],0.278,0.073,0.146,0.416,0.001,0.0,13047.0,7033.0,1.0
beta_r[239],0.078,0.023,0.035,0.12,0.0,0.0,11163.0,5559.0,1.0
beta_r[240],0.282,0.071,0.153,0.412,0.001,0.0,13309.0,6842.0,1.0
beta_r[241],0.173,0.029,0.118,0.227,0.0,0.0,16070.0,7610.0,1.0
beta_r[242],0.193,0.034,0.132,0.258,0.0,0.0,18665.0,7202.0,1.0
beta_r[243],0.114,0.02,0.076,0.151,0.0,0.0,17150.0,6942.0,1.0
beta_r[244],0.116,0.024,0.071,0.159,0.0,0.0,13513.0,6576.0,1.0
beta_r[245],0.176,0.027,0.127,0.227,0.0,0.0,17007.0,7508.0,1.0
beta_r[246],0.539,0.121,0.324,0.773,0.001,0.001,9952.0,6602.0,1.0
beta_r[247],0.518,0.139,0.262,0.771,0.002,0.001,7808.0,7114.0,1.0
beta_r[248],0.464,0.113,0.249,0.668,0.001,0.001,12572.0,7595.0,1.0
beta_r[249],0.291,0.07,0.164,0.419,0.001,0.001,11086.0,7028.0,1.0
beta_r[250],0.069,0.031,0.016,0.12,0.0,0.0,8320.0,6312.0,1.0
beta_r[251],0.297,0.068,0.181,0.429,0.001,0.001,11738.0,6485.0,1.0
beta_r[252],0.331,0.081,0.172,0.477,0.001,0.001,11036.0,7008.0,1.0
beta_r[253],0.235,0.06,0.129,0.348,0.001,0.001,7319.0,6875.0,1.0
beta_r[254],0.078,0.018,0.044,0.111,0.0,0.0,17576.0,6601.0,1.0
beta_r[255],0.177,0.041,0.104,0.253,0.0,0.0,9265.0,7518.0,1.0
beta_r[256],0.397,0.141,0.161,0.664,0.002,0.002,4069.0,5836.0,1.0
beta_r[257],0.493,0.123,0.282,0.736,0.001,0.001,9556.0,7925.0,1.0
beta_r[258],0.485,0.124,0.265,0.723,0.001,0.001,13077.0,7399.0,1.0
beta_r[259],0.174,0.035,0.114,0.243,0.0,0.0,12933.0,6845.0,1.0
beta_r[260],0.196,0.043,0.122,0.279,0.0,0.0,12159.0,6972.0,1.0
beta_r[261],0.682,0.11,0.485,0.89,0.001,0.001,13026.0,6921.0,1.0
beta_r[262],0.428,0.117,0.22,0.654,0.001,0.001,9005.0,6404.0,1.0
beta_r[263],0.051,0.021,0.013,0.091,0.0,0.0,7555.0,4275.0,1.0
beta_r[264],0.202,0.042,0.127,0.279,0.0,0.0,14530.0,7492.0,1.0
beta_r[265],0.143,0.042,0.069,0.221,0.0,0.0,10134.0,7449.0,1.0
beta_r[266],0.263,0.063,0.153,0.38,0.001,0.0,12171.0,6809.0,1.0
beta_r[267],0.066,0.018,0.032,0.1,0.0,0.0,12406.0,5971.0,1.0
beta_r[268],0.239,0.06,0.134,0.348,0.001,0.0,9951.0,7128.0,1.0
beta_r[269],0.185,0.038,0.117,0.256,0.0,0.0,17248.0,6924.0,1.0
beta_r[270],0.309,0.087,0.159,0.478,0.001,0.001,7230.0,6532.0,1.0
beta_r[271],0.278,0.073,0.149,0.414,0.001,0.001,8376.0,7784.0,1.0
beta_r[272],0.156,0.031,0.1,0.214,0.0,0.0,11649.0,7340.0,1.0
beta_r[273],0.111,0.023,0.068,0.155,0.0,0.0,11867.0,7037.0,1.0
beta_r[274],0.274,0.087,0.14,0.437,0.001,0.001,6728.0,5714.0,1.0
beta_r[275],0.154,0.026,0.108,0.205,0.0,0.0,18531.0,7163.0,1.0
beta_r[276],0.256,0.061,0.151,0.373,0.001,0.0,14946.0,7919.0,1.0
beta_r[277],0.239,0.04,0.168,0.314,0.0,0.0,14464.0,7645.0,1.0
beta_r[278],0.517,0.115,0.317,0.742,0.001,0.001,13571.0,6213.0,1.0
beta_r[279],0.147,0.037,0.083,0.219,0.0,0.0,9732.0,6917.0,1.0
beta_r[280],0.328,0.094,0.179,0.508,0.001,0.001,11589.0,6283.0,1.0
beta_r[281],0.553,0.137,0.299,0.803,0.001,0.001,14734.0,6840.0,1.0
beta_r[282],0.152,0.021,0.112,0.191,0.0,0.0,21176.0,7469.0,1.0
beta_r[283],0.3,0.08,0.169,0.45,0.001,0.001,12358.0,6805.0,1.0
beta_r[284],0.52,0.135,0.282,0.784,0.001,0.001,11956.0,6732.0,1.0
beta_r[285],0.108,0.026,0.062,0.157,0.0,0.0,12587.0,7192.0,1.0
beta_r[286],0.152,0.033,0.093,0.215,0.0,0.0,11113.0,7854.0,1.0
beta_r[287],0.612,0.124,0.384,0.847,0.001,0.001,12769.0,7080.0,1.0
beta_r[288],0.221,0.044,0.142,0.305,0.0,0.0,11608.0,6762.0,1.0
beta_r[289],0.239,0.052,0.144,0.335,0.0,0.0,13033.0,7685.0,1.0
beta_r[290],0.155,0.035,0.093,0.224,0.0,0.0,11507.0,7544.0,1.0
beta_r[291],0.485,0.115,0.275,0.705,0.001,0.001,12106.0,7115.0,1.0
beta_r[292],0.14,0.034,0.078,0.205,0.0,0.0,6618.0,7188.0,1.0
beta_r[293],0.129,0.032,0.073,0.192,0.0,0.0,5793.0,4508.0,1.0
beta_r[294],0.44,0.117,0.22,0.651,0.001,0.001,12172.0,7025.0,1.0
beta_r[295],0.493,0.12,0.28,0.722,0.001,0.001,12643.0,6276.0,1.0
beta_r[296],0.353,0.111,0.176,0.57,0.001,0.001,11128.0,5911.0,1.0
beta_r[297],0.258,0.072,0.133,0.391,0.001,0.001,6802.0,6381.0,1.0
beta_r[298],0.236,0.063,0.127,0.358,0.001,0.001,6863.0,5866.0,1.0
beta_r[299],0.186,0.046,0.1,0.272,0.0,0.0,8915.0,5758.0,1.0
beta_r[300],0.261,0.057,0.159,0.367,0.0,0.0,14242.0,7397.0,1.0
beta_r[301],0.205,0.045,0.124,0.289,0.0,0.0,11215.0,7841.0,1.0
beta_r[302],0.233,0.055,0.137,0.336,0.0,0.0,12675.0,7432.0,1.0
beta_r[303],0.31,0.083,0.162,0.471,0.001,0.001,12740.0,6600.0,1.0
beta_r[304],0.155,0.037,0.093,0.23,0.0,0.0,6873.0,7799.0,1.0
beta_r[305],0.172,0.038,0.105,0.243,0.0,0.0,10697.0,7822.0,1.0
beta_r_kappa,5.754,0.508,4.828,6.736,0.007,0.005,4758.0,7210.0,1.0
beta_r_mean,0.272,0.011,0.25,0.293,0.0,0.0,4270.0,6558.0,1.0
